text,lang
labas 3lik?,darija_latin
wach rak mlih wla la?,darija_latin
rani mcharja bzaaaf,darija_latin
ghedwa ndirou barbekiou,darija_latin
3lach matji ma3ana?,darija_latin
houwa gal biha,darija_latin
chof nta wch dir,darija_latin
nsit wach gltlek,darija_latin
ykoun khir inchallah,darija_latin
"hadi smitha darija, machi 3arbiya",darija_latin
wach rak labas?,darija_latin
hadi hiya lmas2ala!,darija_latin
sma3t chi 7aja 3la Djezzy?,darija_latin
bghit nmchi l plage lyoma,darija_latin
ya kho rani ta3ban,darija_latin
machi kol wa7ed yefham,darija_latin
kifach ndir had l probleme?,darija_latin
rani nstana f taxi,darija_latin
nta daba fin rak?,darija_latin
ma tkhafch rahi bsla,darija_latin
hadchi ma 3jbni ch,darija_latin
9oltlek matdirhach,darija_latin
s7abti jat lyoum,darija_latin
dirna fiesta mbar7,darija_latin
ana f darna daba,darija_latin
khasni nqra chwia,darija_latin
7it rani mdammar,darija_latin
tla3 lia lpressio,darija_latin
golt nji m3ak,darija_latin
malk dayekh haka?,darija_latin
3ayetlouhom o ma raddouch!,darija_latin
chhal kaydkhl l internet f forfait Ooredoo?,darija_latin
djezzy daba 3andha promotion jdida,darija_latin
ma fhemtch kifach ndir configuration 4G,darija_latin
katb9a l connexion t9ta3 wla b slow,darija_latin
ghir ndir recharge kaymchi direct,darija_latin
wach fbalek bih had l'offre dial Mobilis?,darija_latin
khassni lcode dial wifi li f modem,darija_latin
orange kayn 3andhom forfait b 1000da,darija_latin
kaymchi l credit bzzaf fl appels,darija_latin
"connecti b slow daba, chrah lia chwiya",darija_latin
ana m3a djezzy o makanch mouchkil,darija_latin
vodafone kayn fi l kharij b9a ta7t l coverage,darija_latin
3lach ma kayrassilouch sms ta3 confirmation?,darija_latin
ghalou l internet hdouma!,darija_latin
nchouf l'offre o ndir comparaison,darija_latin
dir speedtest o chof l debit,darija_latin
forfait yjib lik 10go f l mois,darija_latin
"connecti b wifi mliha, 4g msr3ach",darija_latin
bghit ndir portabilite l djezzy,darija_latin
ooredoo 3andha meilleure couverture f blasti,darija_latin
kay3tih 1go bonus m3a kol recharge,darija_latin
"rani 3ayet b djezzy, makansma3ch mzyan",darija_latin
kayji sms m3a code verification b tard,darija_latin
khasni na3rf kifach nsift les MMS,darija_latin
mchat lia l solde bla manfhaam kifach,darija_latin
"ma kaynch signal daba, daba rah b zero",darija_latin
bghit ntlansi l internet b chi forfait qlil,darija_latin
mobiles dial Mobilis f magasin wala ghalin,darija_latin
f smartphone dyali 4G ma tsirach mzyan,darija_latin
dirt recharge fl boutique ma tchargatch,darija_latin
ooredoo 3tawni 5go b 1000da li wa3ra,darija_latin
connexion tfsa5at wahda wahda,darija_latin
kayb9aw ychargiw lia des services manbghithomch,darija_latin
"li f Orange, wach kayna 5G daba?",darija_latin
smiyti ma b9atch mli tchargat la sim,darija_latin
f l apli makanch option dial l'offres jdod,darija_latin
djezzy kayb3at l sms b b tard bzaf,darija_latin
rani n3ayet w tsdd liya daba daba,darija_latin
mat9awnach l net f l 3roub,darija_latin
"s7abti 3ndha problème m3a djezzy, galat lia kaytsddo 3liha les appels même f wa9t l 3ajla, w daba katsawal wach katsara7 chi solution oula la",darija_latin
"l connexion ta3 ooredoo f had l quartier ma3ndhach stabilité, nhar tji b sur3a zwina w nhar akhor ma katmchi ta l WhatsApp, hadi ma b9atch kayna",darija_latin
"mchat lia l recharge li diriha mn l app, walakin ma zadhach lia l solde, 3awdthom tcontacti l service client w galoli sabri ghir 24h",darija_latin
"téléphone dyali kayb9a ydir erreur f sim dyal mobilis, rah deja jarrabt sim akhra w khdemat normal, daba kansawal wach l sim khsatha remplacement",darija_latin
"dernièrement bdit n7ess b li le forfait kaykhlas bzzaf 3la walou, daba kay9tahmouna bi les SMS mli ndir l recharge ou mli nst3ml internet",darija_latin
"rani 3andi chi su2al, 3lach ooredoo katdir chi bonus ma fhamtch kifach ykhdem? drt recharge b 200da w ghalt lia b 500da data bonus",darija_latin
"kayji l message dyal SFR f portable dyali w ana ma3ndich sim dyalhom, chof wach momkin yakoun chi erreur f l réseau wla l hardware",darija_latin
"ghadi nkoun wa3ra ila kan chi offre li katmchi fiha whatsapp illimité b chi prix ma tssawkch, 7it daba lforfaits ghalin bzaf",darija_latin
"galou lia b li Vodafone f Fransa kay3ti internet illimité f forfait dial 25 euro, wach kayn chi 7aja b7al haka f Mobilis wala djezzy?",darija_latin
"dirt l recharge fl bureau tabac, walakin sms confirmation ma jaach lia daba, tsnint 15 min ou ma kayn walou, tsift sms *611# ma khdmach",darija_latin
"mlli n3ayet l service client dyal mobilis, kay3tiwk chi voix automatique katsawal b darija, walakin ma kanfhamch les choix li kay9dmo",darija_latin
"machi kol wahed y3rf ydir parametrage dyal 4G, daba khasskom tdiru vidéos f darija katsftou f YouTube bach n3rfou kifach nparametriw",darija_latin
"kanhdem b l SIM ooredoo fi modem, walakin daba kay9t3a connexion kol 15 min, khassni n3rf wach problème f sim wla modem",darija_latin
"kont f l plage f Jijel w l reseau djezzy makanssalach du tout, ma3ndhomch couverture hna, li fiha khsskom tdiru mise à jour l réseau",darija_latin
"3rafti chi wahed s3i9, 3ando deux cartes SIM, wa7da dyal Mobilis w wa7da dyal Orange France, kay3raf kifach ykhdem bihom f même temps",darija_latin
"khdemt l app dyal djezzy bash nkhdem l offre, walakin ma chargatch lia data li wa3din biha, daba kanbghik tchoufou chi solution",darija_latin
wach kayn chi offre f Mobilis li katmchi 3la Facebook w TikTok b limit kbira? 7it daba kay9t3a lia l net b sr3a,darija_latin
"sms li katsiftou f offres djezzy ma fhamtch chno katsd wla kifach naktifha, khassna mouchkil dial communication m3a clients",darija_latin
"f ooredoo kan jarrab 3la chi offre, mli nkhdemha katsala lia data b zzrb, walakin makayanch suivi f l app",darija_latin
"kont bghit ndir portabilité mn mobilis l djezzy walakin galoli khasni nstanna 3 jours bach ttsra7, daba t2akhd chwia bzaf",darija_latin
daba wach kayn chi offre f djezzy li katsiftou f Facebook li fyiha WhatsApp ou TikTok illimité b chi prix ma tssawkch?,darija_latin
"ana kont nsift SMS 700 bach nkhdem offre, walakin l offre ma tactivatedch, ghir tls9 lia solde ou jani message gharib",darija_latin
chno l meilleure opérateur li kay3ti couverture mzyana f bled kbira bhal Laghouat? 3lach kolchi kaytkhdem ghir f tlemcen?,darija_latin
"ooredoo 3ndhom chi offres zwina f la pub, walakin mli tdir recharge kat9la mliha ma fihach bonus, hado marketing tricks",darija_latin
"ghadi nkhdem recharge mn barid mob, b7al drt 200da, w f site katban 150da bonus, walakin mli tcharga ma tl9itch bonus",darija_latin
"mlli tsift SMS 530 li kaygol 3la forfait youtub, kayrd lia 'code invalide', hadchi kayb9a ytwrrak",darija_latin
"galou liya chi jma3a f dzair li kaydiru hack 3la forfait dyal l internet, b7al kayfokouha b ssh tunneling, hadi chwiya khatira",darija_latin
"fi 3z l7aja l net kat9ta3 lia, walakin khdam b ooredoo, darori ndir portable mode avion w n3awd nconnecti",darija_latin
"wach 3ndkom chi idée kifach n9iss la consommation dyal data f app djezzy? ghir kayban solde, ma kayban walo f detail",darija_latin
"kont m3a s7abi w fihom li kaydir Orange France f portable, daba l net dyalhom makay9ta3ch, kaygolo bi kayna technologie f l sim",darija_latin
"chi wahed gal lia l reseau f mobilis kaydkhl chi marat m3a SFR mli tkoun b zone frontalière, hadi tkhallat lia l ttarjama",darija_latin
"bghit nkhdem offre li katmchi f 4G++ walakin portable dyali katb9a 3la H+, wach mas2oula l SIM wla l appareil?",darija_latin
"tkhllit f paiement dyal la recharge online, ghalt lia l carte bancaire w daba kayt7sb lia l recharge oula la?",darija_latin
"kont bghit nkhdem 100go m3a djezzy f modem, walakin wach hiya l même qualité dial net b7al fi portable?",darija_latin
"galou f mobilis b li kay3tiw forfait spécial li kaymchi m3a étudiants, fih 10go b prix khfif, wach hado mazal kaynin?",darija_latin
"rani 3andi chi mouchkil m3a notifications dyal djezzy app, katsift sms random b kelmat b7al 'deal' ou 'pack', mafhamtch kifach",darija_latin
"kont f oran w jarrabt ooredoo, b9it mabsout mn vitesse dyal l 4G, b7al ma fhadit liya video f YouTube b chi 5s",darija_latin
"wach l couverture dyal mobilis mzyana f sahara? bghit nkhdem modem l mon projet d'étude fi Béchar, 7it l satellite ghali",darija_latin
"bghit nkhdem forfait dyal 20go, walakin bghit data matsallich fl streaming, katsala lia ghafla",darija_latin
"katji lia notification mn djezzy kaygolo 'bonus khalass 10da', mafhamtch wach hiya recharge ola ma7bossa",darija_latin
wach kayn chi offre fi Orange li katsift SMS mn DZ l frança b chi prix mzyan? 7it daba rakba,darija_latin
"katb9a liaison wifi kaydkhl w ykhrj f modem dyali b ooredoo, khasni n3rf mnin ja l problème",darija_latin
"service client dyal mobilis, b9it n3ayet lihoum 3la 888 walakin chi wahed ta l9a chi robot, khass tdir '1', '2', ma9dirtch nmchi f l menu",darija_latin
"f Ramadan kanb9a nst3ml whatsapp ktar, wach kayn chi offre dyal whatsapp illimité ghira f had l mois?",darija_latin
"chkon 3andhom meilleur offre dial combo: appels, SMS, w internet? djezzy ola mobilis ola ooredoo?",darija_latin
"3labali b li y9dr tkoun des offres b 10da katsiftou b code 303, walakin ghir chi nhar kayn chi nhar la",darija_latin
"fi test dyal speedtest, djezzy kan yb9a m3a ping 120ms, ooredoo katji f 60ms, wach hadi wa9i3 ola ghir zone dyali?",darija_latin
darori mn activation dyal l carte sim mn point service? wala ykfi dirha fi portable b code dial *123#?,darija_latin
"khasna l transparence f l offres, b7al tgol 30go, walakin daba katsala mnin t3ayet f WhatsApp, wa9ila kayhssbhouha data",darija_latin
"kont bghit ndir test f les 3 opérateurs bach nchoof fina hiya l meilleure f couverture, w ndir video yt f darija",darija_latin
"kont kanb9a f app djezzy wach 3ndkom chi tariqa ndir deactivate l offers li kattsarf solo mn solde, 7it 3tani offer li mabghitch",darija_latin
"ach men wahed f mobilis gal liya rah 3andhom modem spécial li fihi forfait illimité b sah kanb9a twil 3la streaming, hadi 3ziza",darija_latin
"bghit nsawal wach kayn chi offre fi Orange DZ li katkhdem m3a roaming f lmaghrib, 7it ana gha nmsi chi nhar",darija_latin
"ooredoo daba katsifet message marketing barcha b slogans li kaygolo 'offre men l9alb' ou '3ayechha', bhal pub télé",darija_latin
"fi l7aqiqa kaynin lkhadamat li khas ykoun f app, bhal t9addir tchouf combien 3andek data msta3mla b jours",darija_latin
"kont nst3ml internet mn djezzy modem f project dyali, l upload b slow bzzaf, l video call katsdd, bghit nfassar m3ahoum",darija_latin
"l7a9a chno m3naha 'You consumed 75% of your bonus data', wach hadi data lkol wla ghir dial TikTok?",darija_latin
"katsir lia wahed chi f mobilis li kaygolo SIM dyalk makhdamach b 4G max, khas tbdlha mn agence",darija_latin
"l9it wahed l'offre fi Facebook li kaygolo 20go b 100da, walakin mli tsifto code kayrddok l page ma fihach l'offre",darija_latin
"kaynin chi wlad f l ghorba li kayjibo sim Orange mn l Fransa, y9olo f l début kaykhdmo m3a réseau national f DZ",darija_latin
"f l7aqiqa kaynin lfar9 bin les apps dyal ooredoo w djezzy, f l user interface b7al djezzy 9dim bzzaf",darija_latin
"kont m3a s7abi kaygol lia wach 3andek esim? f mobilis la daba, wach nta3 djezzy kayfakrou fha?",darija_latin
"kayb9a lcode dial l'offre ma kaykhddamch fi certains téléphones, b7al *720#, kayrd liya erreur m3a Huawei",darija_latin
"dazt wahed l9adiya f recharge mn space kart, drt 500da w tal3at lia 400da, fin mchit dik 100da?",darija_latin
"f l coverage test li dirto f annaba, djezzy daba kan 3andhom meilleur débit l matin, walakin l3chia kaywlli slow",darija_latin
"bghit ns2l wach ooredoo 3andha SIM card nta3 machine IoT? li f camera surveillance, 7it lmobiles bghit nkhdem bihom",darija_latin
"kont nconnecta b ooredoo 3la lpc m3a wifi modem dial portable, daba mlli tdkhl YouTube kayssayf download 144p",darija_latin
"wach kayn chi application nta3 djezzy lite li khas ghir l recharge w l solde, b7al ghadi fi app mini",darija_latin
"darori ydiru alert 3la l forfaits mli tqrab data tlsali, rah kayb9a f users m3l9in mli tdkhl f extra charge",darija_latin
"bghit n3rf l real usage nta3 'unlimited YouTube', wach fih fair usage policy wla 3la l7a9a 24/24?",darija_latin
"wach l 4G LTE advanced li kaygolouha b ooredoo katkhdem ghir f capital, wla mz3ouma f dzaier kamla?",darija_latin
"bghit nkhdem carte SIM spéciale fi tablette, walakin jab lia téléphon error dyal 'non provisionné SIM', chno sol",darija_latin
"kat9dar tsift code *530# fi djezzy b chi hora spécifique li fih ghir t9dr tchargi 1go b 10da, hadchi ta9dir",darija_latin
"kont f tizi ouzou mli jarrabt modem f chi 7oma kaytkhrrej mn reseau, b9it ghir 2G m3a djezzy",darija_latin
"kayn wahed chi trick f net li kaygolo 3la DNS change kat9ddr tzid vitesse, chno opinion dyalk f hadchi?",darija_latin
"l offre dyal 3 hours b 20da nta3 ooredoo mzyana ghir f nhar, mlli tl ss3a dial l3chia katsla",darija_latin
"mli katsift code nta3 internet daily f mobilis, kayji msg kaygolo 'offer will be activated soon' w katsna l sa3a",darija_latin
"bghit lmodem li ykhdem b 4G+ w ykoun ychargi 300mbps, wach kayn f dz wahed khfif b prix raisonnable?",darija_latin
"t9dr tchargi application nta3 djezzy b apk mn site direct, hit f Google Play la version khdima",darija_latin
"daba fin9adro nshofu detail dyal consommation mzyan b zmen, b7al katchouf graphique dyal usage mn matin l3chiya",darija_latin
"chft f pub dyal djezzy kaygolo offre 10go b 99da, walakin mlli drtha mn app katjiya ghir 7go, chno lmochkila?",darija_latin
wach kayn chi code nta3 l recharge express f mobilis li ychargi goyat direct bla matdkhl l app?,darija_latin
"kont fi tlemcen m3a modem djezzy, daba l signal b3id 3la l routeur w kay9ta3 kulla wa9t",darija_latin
"dirt recharge ooredoo b 200da w ma tactivatchi l offer nta3 TikTok, b9it tsna response mn support",darija_latin
khas l app nta3 mobilis tzid notifications li kaywarnik bla tslach l net dialek b chi 5%,darija_latin
"kan3ani m3a coverage f l9arya nta3na, mlli nconnecta katsir lia 2G f modem ooredoo",darija_latin
"fin nqdr nbadl SIM dyali nta3 djezzy l eSIM, wach f agence oula f app?",darija_latin
"kaynin bzaf nta3 offres li katban ghir f app, matbanx f l site web nta3 djezzy, 3lach had discrepancy?",darija_latin
"dir l activation nta3 l offer katsir 3liya time out, b9it t3awd l code f l app, mlli tsift sms katsir failed",darija_latin
wach kayna chi SIM nta3 mobilis 4G 3ndha plan b stable upload? khasni l streaming nta3 Twitch,darija_latin
"t9dr tdir recharge l portable nta3k mn l app nta3 banque b code QR, hadi feature jdida",darija_latin
"kayji lia message men ooredoo 'win back offer', mlli ndkhl code katsir expired, chno l7al?",darija_latin
"kont n3ayet l support nta3 djezzy katsir lia l attente 20 min, chno kaykhdmo hado?",darija_latin
"bghit l carte SIM li kat9bel roaming direct f maroc, wach kayn 3la mobilis?",darija_latin
"kont f l plage b oran w l reseau ooredoo mcha, htta call mat9drch tdir, fin coverage nta3houm?",darija_latin
wach m3a modem nta3 djezzy t9dr tbadl APN bach tboosti l download?,darija_latin
kaynin chabab f forum li kaydir test nta3 l ping f Fortnite 3la 3 SIMs w djezzy kan fiha ping l9al,darija_latin
"f l app nta3 mobilis katkhdem recharge b camera mn recharge card, 3tini error f scanner",darija_latin
"wach l forfait student li kaygolouha kayna f mobilis, fin n9der ndir registration dyali?",darija_latin
"kont f l tram m3aya SIM ooredoo b 5go, katsir slow loading b stories nta3 Insta",darija_latin
wach t9dr tsift SMS mn app djezzy l chi num special bach dir block l marketing messages?,darija_latin
"kaynin moments f nhar li fih l réseau katsir qwi, bghit site li ybayan peak nta3 congestion",darija_latin
"kont kayn f ghardaia f hotel, l wifi kayt9ta3 w drt hotspot mn SIM djezzy, 3awdna l meeting bih",darija_latin
"kayji notification 'forfait ysalit f 1h', mlli tchargi offer jdida katsir overlap oula katsla lwa9t l9dim?",darija_latin
bghit t9ddar t7dded app nta3 TikTok bash hiya li tst3ml ghir data nta3 offer w maykonsh chi app okhra,darija_latin
"katji l page nta3 offer b loading slow f app mobilis, katsanna 1 min bash tban l details",darija_latin
"l offre li katsir f sms 'valid until 00h00', wach hadi chi ghalta wla f l9anoun katsla f 23:59?",darija_latin
"kont kayn f tbessa f ghorfa nta3 ecole, katsir ma kayanch 3la coverage nta3 mobilis",darija_latin
l app djezzy khasha mode offline bach tchouf solde mn chi data chb3an,darija_latin
"bghit tsift l balance nta3 data b sms 777, katsir ghir l message kayji bla details nta3 YouTube vs normal",darija_latin
wach l'offre nta3 100da dyal mobilis kat3tik 20go kolchi national wala kayn chi condition?,darija_latin
"ooredoo katsiftli message 't9additk l’offre bonus', walakin ma tactivatchi mlli drt code",darija_latin
"kont nchargi l'app djezzy mn play store, kayban update jdida f design w zado dark mode",darija_latin
"bghit t9dr dir sharing nta3 data m3a SIM okhra li f nafs lcompte, kayn hadchi?",darija_latin
"katji sms mn mobilis kol nhar b marketing wla chi offer jdida, kifech nsd l sms hadouk?",darija_latin
wach kayn forfait TikTok + YouTube f offre jdida nta3 mobilis li katji b 150da?,darija_latin
"mlli katdir call via app WhatsApp 3la réseau djezzy, l voice quality katsir meziana, 7sen men ooredoo",darija_latin
"kat9ra f faq nta3 l site ooredoo ma kaynach details 3la roaming f Europe, bghitha f PDF",darija_latin
3lash kayt9ta3 l net mlli ndir hotspot mn l portable w nconnecti PC f modem djezzy?,darija_latin
wach l carte recharge nta3 mobilis li b 500da kat9blha app bank nta3 cpa?,darija_latin
"bghit ndir forfait b 25go + 200da f appels, wach kayn f djezzy chi formule hakda?",darija_latin
"drt download nta3 film 2go f 20min m3a SIM djezzy, b9it mstaghreb mn l speed",darija_latin
wach modem lte li f mobilis t9dr tdir lih firmware update mn app nta3hom?,darija_latin
"kont f batna kayna boutique djezzy jdida kay9duha mzyan, khdma zwina w l service rapide",darija_latin
"bghit ndir migration mn ooredoo l djezzy, kayn chi frais oula free?",darija_latin
kat3ayet l support nta3 mobilis kayjib lik automatic voice ma kaywasslkch b insan,darija_latin
wach SIM djezzy m3a 4G LTE t9dr ndir bih stream 1080p fl mobile?,darija_latin
kont fl app nta3 djezzy bghit ndir forfait mais l interface jdida matfhamhach,darija_latin
"drt comparison bin l ping f jeux PUBG, djezzy kan l ping qwi f matin mais 3chiya katsir lag",darija_latin
"bghit nchargi modem ooredoo li 5go b 100da, fin n9dr ndirha cash?",darija_latin
"kayji lia code recharge ghalat 3la SMS, walakin ndkhlto mzian f app djezzy",darija_latin
wach l recharge card nta3 mobilis t9dr tsift mn Canada l dz?,darija_latin
"bghit ndir forfait nta3 30da li kat3tik 1go f nhar, fin lcode nta3ha?",darija_latin
"kont 3la reseau ooredoo f 4G w l signal f plein, walakin mat9drch tsift sms",darija_latin
"bghit ndir offer TikTok 10go o Netflix 10go f nafs sim, wach kayn combine f djezzy?",darija_latin
"drt achat nta3 SIM djezzy jdida mn agence, f 10 min kanat active m3a net",darija_latin
wach modem mobilis kaykhdem m3a routeur extern bach n9wi l wifi?,darija_latin
"katji m3aya chi msg b fr 'votre forfait sera expiré' mlli hiya SIM darija, ghir arabia?",darija_latin
3lach ndir recharge b 100da w ma tactivatchi l net hadi nhar kaml?,darija_latin
wach t9dr ndir portabilité mn mobilis l ooredoo bla matbdl numero?,darija_latin
"rani dayr forfait djezzy, walakin daba matbanlich les données f interface",darija_latin
wach ma kaynach promo nta3 TikTok li kaydouz f 0.5go b7al hadak nta3 ooredoo?,darija_latin
"dir lupdate nta3 app mobilis w t9awd l login, ghir bdelt le design",darija_latin
"kont f la plage w daba l réseau nta3 djezzy 3ayen bzzaf, ma kaytla3ch signal",darija_latin
"n3ayet l support ooredoo w kay9ollo lia 'dir reset l settings', daba mashi 3la wifi!",darija_latin
"katji lia les appels mn numero mobilis ghir w y9ta3, fhamtch wach menni wla menhom",darija_latin
bghit n7ayed l option automatique nta3 forfait lmat9awnich bih,darija_latin
wach t9dr ndir recharge automatique f SIM djezzy b visa card nta3 BDL?,darija_latin
"nsit code nta3 *505# nta3 mobilis, wach kayn code jdid nta3 recharge?",darija_latin
"jربت أداة djezzy net t9dar tkhdem f zone rurale, signal 3ayen 3andna",darija_latin
ooredoo t3awnch mlli goltlhom rani ndir live fl insta w l signal mashi stable,darija_latin
katban lia notif nta3 'forfait terminé' walakin daba rakb f ooredoo start 500da,darija_latin
dirt recharge b 200da f mobilis w bda ikhli men solde ghir 3la les services masmou3in,darija_latin
"kont n5dm streaming 3la YouTube w signal mli7 f SIM djezzy, b9it 3ajib",darija_latin
"djezzy bda ydir app nta3 speedtest f interface, daba t9dar tchouf ping w speed",darija_latin
"ndkhl l app djezzy w kayban message 'maintenance temporaire', daba ma t9drch tchargi",darija_latin
ooredoo kay9dr ychargik men solde b cause nta3 push sms mlli mat9rahch,darija_latin
"kont nchargi tiktok, ooredoo kaydir block l videos li f HD",darija_latin
wach modem mobilis ykhdem f USB port nta3 PC ghir b configuration nta3 APN?,darija_latin
chouf nta wch ndir forfait djezzy start 300da oula ndir classic 25go?,darija_latin
"kanb9a f zone nta3 djezzy mlli tji chi l3asba, kayti7 signal totalement",darija_latin
"ooredoo siffat lia msg b code 3nd expiry nta3 l'offre b 1 min, b9it msta3jeb",darija_latin
"dir l option streaming free m3a djezzy, daba YouTube ytla3 b 0 solde",darija_latin
"forfait b 1go mlli tkon ma3a Netflix maykafich chi film, khasak au moins 5go",darija_latin
"golt ndir portabilité, djezzy talbou lia l carte d’identité w l facture nta3 3 mois",darija_latin
tchargit app ooredoo w tji liaison nta3 sold li f carte ATM b direct,darija_latin
"kont bghit recharge ooredoo mn rakuten wallet, kay9balha ghir mn web version",darija_latin
"kayji lia message 'vous avez souscrit à un service', rani madirt walou!",darija_latin
"SIM djezzy n9s l signal f chambre, khasna booster wifi wala modem lte",darija_latin
"dirt recharge f djezzy b 100da, bda kaykhdem forfait 3la tiktok bla ma n3ref",darija_latin
"rani mgharba f mobile internet nta3 mobilis, signal yti7 kol 5 min",darija_latin
"nsit password nta3 app ooredoo, wach kayn reset 3la sms?",darija_latin
"djezzy kayb3t l'offre f notifications, b7al y9ol t9dr tchargi bsolde 0",darija_latin
mli ndir appel kayb9a ydir son walakin ma y9blch chi wahed,darija_latin
"dirt abonnement livebox, daba l technicien mobilis ma jalich",darija_latin
"ooredoo kayb3tli SMS li fih lien ma kaykhdemch, bghit nchargi menha",darija_latin
"SIM djezzy 4g f téléphone b9at stuck f E, ma b9ach f vitesse",darija_latin
wach kayn forfait b 10go juste f ooredoo ou kayn f djezzy aussi?,darija_latin
"forfait start nta3 djezzy kaydir mouchkil, kayfini bzzaf w ma katchoufch vidéo",darija_latin
"kont f tamantit w b9it mlih m3a mobilis, signal stable w recharge 9riba",darija_latin
"rani dayr portabilité mn mobilis l djezzy, y9oliya 'numéro invalide'",darija_latin
"tchargit app djezzy lite, hiya sra3 mn l9dima w t9dri tsayb recharge f 3 seconds",darija_latin
"katji lia msg nta3 forfait f 5h sba7, yqawd lia solde bla ma n7ess",darija_latin
"dirt scan nta3 qr code b djezzy app bash ndi recharge, ma tfassarch l code",darija_latin
kont nsawer video b 4G djezzy w bda l ping ytl3 f insta live,darija_latin
wach modem nta3 ooredoo ykhdem b carte nano SIM?,darija_latin
"kaydirou offres nta3 internet juste f l'app, li ma3andouch ma ychargich",darija_latin
sahbi gal lia forfait mobilis b9a lih 1go w bda yconsomi mn solde,darija_latin
"nt9awd l option tiktok unlimited f djezzy, bda tchargi mn solde normal",darija_latin
"app ooredoo bda t3tini erreur mlli n3ayet menha, khas update",darija_latin
"kayji msg f français 'votre crédit est insuffisant', daba f darija chhal hdra?",darija_latin
"chargit solde b carte edahabia, f ooredoo app b9at tloadi w ma tjawbtch",darija_latin
"mli nkhdem hotspot b djezzy f pc, kayti7 l signal direct",darija_latin
"7abbat tsayb abonnement mobilis f boutique, talbou lia l carte chrifa",darija_latin
"forfait 200da nta3 djezzy kaydir double giga parfois, walakin ghir promo",darija_latin
"connectit l'app nta3 djezzy men wifi public, t9awd lia les infos nta3 SIM",darija_latin
wach kayn forfait juste li kaykhdem f apps nta3 social media?,darija_latin
"mli tkhdem recharge mn ATM ooredoo kayjiya slip, b9it msta3jba",darija_latin
kayji msg b code de confirmation men mobilis walakin ma 3raftch 3la ach,darija_latin
"t9awd lia 4g nta3 mobilis men 12h, daba ma b9atch tkhddem",darija_latin
"khdemt forfait b ooredoo, bda kaykhdem maziane w daba signal ma kaynch",darija_latin
"golt ndir portabilité l djezzy, daba kaytalbou wa9t twil",darija_latin
rani f wehran w signal djezzy z3if bzaaf,darija_latin
kont f rando w daba ma3andich network nta3 mobilis,darija_latin
kayjiya offer b sms walakin malkich f app nta3 djezzy,darija_latin
chof lia forfait b internet seulement f ooredoo,darija_latin
bghit ndir recharge online b carte ccp f mobilis,darija_latin
"dirt recharge 200da b djezzy, kayb9a ydir erreur",darija_latin
"app mobilis hya l3ayba, katcrashi kol mara",darija_latin
"9rit f pub ooredoo li b9a fsolde tkhdem bih bonus, bda ykhdem mn solde",darija_latin
mchat lia 10da mn solde bla ma n3ayet,darija_latin
"kont ghadi nkhdem forfait 100da, t9awd lia forfait 500da!",darija_latin
wach kayn wifi 4G nta3 djezzy b sim khassa?,darija_latin
"bghit service client djezzy yjawbni f messagerie, ma kaytjawbouch",darija_latin
"kont bghit tchargi ooredoo b app, walakin l carte mabghatch tpassi",darija_latin
rani bghit n3awd tinstalli l'app mobilis b9at tcrashi,darija_latin
"kayji notification b7al kaybghiw ykhdmo 3la solde, walakin bghit just internet",darija_latin
signal f l3in defla m3 djezzy 3ar w kayti7,darija_latin
"9olt ndir recharge f poste, l operation tlabat 15 min",darija_latin
"bghit forfait li kaykhdem chiwaya f YouTube, Snapchat w WhatsApp",darija_latin
"tchargit vidéo f TikTok, ma sbbatch w finish lia solde",darija_latin
signal kayb9a f R ou bien E f 4g djezzy,darija_latin
"app djezzy tatdir logout b7alchi, kol mara khas dir code",darija_latin
"nsit code nta3 rechargement, kayn chi tariqa bash nrja3o?",darija_latin
"sift SMS l 720 bash nkhdem forfait, ma jat hata réponse",darija_latin
tchargit l'offre walakin bda ykhdem men solde 3adi,darija_latin
"khdemt l'offre li f pub, bda kaykhdem fiha limite 9dima",darija_latin
mchat lia l giga bzzaf bla ma nchargi bzaf vidéo,darija_latin
"kayjiya sms mn djezzy kol nhar, bghit nwli ma yb3tch",darija_latin
"n9raw mn dar b 4g, kayti7 net mid class nta3 mobilis",darija_latin
"bghit nst3ml whatsapp call, walakin signal weak b djezzy",darija_latin
"signal f ouled fayet ma kaynch, ooredoo fham chwiya",darija_latin
"khdemt forfait b ooredoo, signal yb9a stable w marra yti7",darija_latin
"dirt recharge bya l'app mobilis, walakin l solde mabanchch",darija_latin
"li bghit ndirou houwa forfait streaming, kayn chi 7al?",darija_latin
3ndkom chi promo nta3 appels l Europe f djezzy?,darija_latin
khdemt tik tok offer b djezzy walakin ma sbbatch video,darija_latin
l'app djezzy ma bqatich kat9awd les bonus b tariqa mliha,darija_latin
"rani f blassa b signal 0, bghit l service yjawbni",darija_latin
katcharji forfait 100da walakin ma kayban 3andhom f système,darija_latin
"sms jayni b anglais f ooredoo, ma fhemt walou",darija_latin
rani dayr mode avion o mchat lia connexion,darija_latin
dirt réinitialisation l settings w signal ma rj3ch,darija_latin
"kayjiya promo djezzy kol nhar 3la whatsapp, mli bghit nchargi ma tkhddemch",darija_latin
"kont bghit n3ayet mn sim ooredoo, kaygouli ma kaynach solde w ana 3andi",darija_latin
"katcharji mn darija poste, walakin kay9awdli transfert echoué",darija_latin
"bghit n9awd numro li kaybda b 07 f mobilis, ma qblouch",darija_latin
dirti transfert l flouss mn djezzy wallet w mabanch f solde,darija_latin
"bghit n3awd tchargi app djezzy f android, google play katgol incompatible",darija_latin
wach l service client djezzy kaykhdem fin semaine?,darija_latin
signal f biskra b djezzy 3ar w f ooredoo maziane,darija_latin
m3andich internet f sim mobilis b3da tchargit 100da,darija_latin
"bghit ykoun forfait li fih sms, appels w internet b nafs lwa9t",darija_latin
dirt forfait snapchat w l video kay9ta3 kol chwiya,darija_latin
wach 3andhom service kifach n7ssab ch7al b9a lia f l'offre?,darija_latin
kaynin chi apps nta3 djezzy ghira li f play store?,darija_latin
bghit nchargi l'offre li kat3ti 10Go b 300da f mobilis,darija_latin
kayjiya message kol nhar f l 3chiya mn djezzy promo jdida,darija_latin
signal nta3 mobilis yb9a R f win nji,darija_latin
"dirt sim djezzy f router, kayb9a signal low",darija_latin
"golt ndir forfait youtube f ooredoo, l3ib lia b solde",darija_latin
l'offre nta3 ooredoo 1Go f nhar hiya li 3andha chi m9an,darija_latin
kont bghit nsift files b whatsapp w signal ma s7abch,darija_latin
signal nta3 mobilis khir men djezzy f blasti,darija_latin
"golt ndir speed test, kayban 0.5mbps w hya 4g",darija_latin
"bghit tchargi m3 mobilis, katsali recharge bzzaf",darija_latin
signal nta3 djezzy yti7 m3a 3chiya,darija_latin
dirti tactivation l sim jdida walakin ma tkhdemch daba,darija_latin
kayjiya code m3atla f sms nta3 validation,darija_latin
ma fhmtch kifach signal f téléphone maziane w f PC b3if,darija_latin
kont f taxi w kayjiya call w ma s7abch daba,darija_latin
service client ooredoo mab9ach kayrj3 l'appels,darija_latin
signal f bladi yti7 kif l electricity,darija_latin
bghit nrj3 recharge li 9lt biha ghalta,darija_latin
"l'offre nta3 djezzy wliyt manfhamch, kol nhar chi jdida",darija_latin
"kont nb9a f mobilis, walakin service client b slow",darija_latin
bghit recharge b code mais kaygouli déjà utilisé,darija_latin
tchargit forfait f djezzy wallet walakin ma tactivatch,darija_latin
kayji notification promo 20Go walakin ma kaynch f app,darija_latin
sahbi chra sim djezzy walakin ma bghatch tsajel f réseau,darija_latin
"l'application nta3 mobilis 3amra bugs, ma t7ellch",darija_latin
"chaft promo f instagram 3la ooredoo, walakin f app ma kaynach",darija_latin
"kol nhar kayjiya SMS mn 5005, 3iyt menhom",darija_latin
"dirti l'offre Facebook b 50da, walakin ma kaykhdemch l video",darija_latin
"kont nbghi n3ayet l service client djezzy, b9it tstana 20 min",darija_latin
signal nta3 mobilis hna f la campagne ma kaynch,darija_latin
"tchargit code recharge, kayban invalid o jarrabt 3 marat",darija_latin
wach kayn forfait spécial 3la TikTok f mobilis?,darija_latin
"dirna partage d’internet mn sim ooredoo, mchat lia 5Go fl 1h",darija_latin
"golti 4G, walakin ma kay9ra ch YouTube b wayhdi",darija_latin
sim nta3 mobilis kayjiya blocked ba3d redémarrage,darija_latin
"bghit ndir portability mn djezzy l mobilis, kifach ndir?",darija_latin
"dirti scan code b app ooredoo, walakin kaytla3 erreur",darija_latin
"ghadi nsayb compte f djezzy wallet, kaygol nom invalide",darija_latin
"signal yti7 ki ndkhol l garage, kifach ndir n9awih?",darija_latin
service client kayjawbni b voix robotique f chaque appel,darija_latin
"dirti offre Netflix f mobilis, walakin b9a t9ta3",darija_latin
kont f centre ooredoo w ch7al d temps kaytla3 f attenda,darija_latin
3raft b li kayn offre 30Go f 1000da w makaynch f app,darija_latin
wach kayna offre juste l'appels f djezzy?,darija_latin
service after sale nta3 sim rah b slow bzaf,darija_latin
l’app kay9oli sim unsupported m3a télé Android,darija_latin
kayji SMS mn djezzy li fih erreur f lien,darija_latin
"bghit ndir recharge automatique, kay9t3 mn lcompte bla alert",darija_latin
"kayji SMS 3la forfait b 100da, walakin kaytkhlas 120da",darija_latin
application djezzy hya li katmchi ghir b vpn parfois,darija_latin
golt ndir configuration Internet w ma b9ach signal,darija_latin
"tchargit recharge mn poste pay, makanch f solde djezzy",darija_latin
"golti 5Go f 7 jours, b9a 2 jours o ma b9ach data",darija_latin
"chofna erreur f appel f sim mobilis, mab9ach ytsanna",darija_latin
"bghit nbadal sim ooredoo li da3 lia, wach ndir la déclaration?",darija_latin
3andhom l'offre 1Go fl nhar f promo spécial Ramadan?,darija_latin
signal kayb9a fluctue kif l météo,darija_latin
connection ma t9drch tsafer biha l Zoom call,darija_latin
"ghadi nchargi mn l’application mobilis, b9it stuck f payment",darija_latin
sma3t chi wahed kaybi3 l code recharge djezzy b solde moins cher,darija_latin
dirna groupe 3la WhatsApp y complainiw f mobilis,darija_latin
"tchargit 200da, walakin solde b9a howa howa",darija_latin
ma3raftch kifach nsupprimiw l anciens offers f l’app,darija_latin
كي راك خويا؟ كلشي لباس؟,darija_arabic
راني تعبان بزاف اليوم,darija_arabic
شحال دالوقت؟,darija_arabic
بغيتي تروح للسوق ولا للبحر؟,darija_arabic
علاه ما جاوش؟,darija_arabic
قولهم يتصنطولي مليح,darija_arabic
درك نجي، استنى شوية,darija_arabic
كي تكمّل، عيطلي,darija_arabic
صحيت بزاف خويا,darija_arabic
نروحوا نتمشاو في لاكورنيش؟,darija_arabic
لاباس عليك؟,darija_arabic
واش راك مليح ولا لا؟,darija_arabic
راني مشارج بزاااف,darija_arabic
غدوة نديرو باربكيو,darija_arabic
علاش ما تجي معنا؟,darija_arabic
هو قال بيها,darija_arabic
شوف انت واش تدير,darija_arabic
نسيت واش قلتلك,darija_arabic
يكون خير إن شاء الله,darija_arabic
هادي سميتها دارجة، ماشي عربية,darija_arabic
واش راك لاباس؟,darija_arabic
هادي هي المسألة!,darija_arabic
سمعت شي حاجة على جيزي؟,darija_arabic
بغيت نمشي للبحر اليوم,darija_arabic
يا خو راني تعبان,darija_arabic
ماشي كل واحد يفهم,darija_arabic
كيفاش ندير هاد المشكلة؟,darija_arabic
راني نستنى في طاكسي,darija_arabic
انت دابا فين راك؟,darija_arabic
ما تخافش راهي بصلا,darija_arabic
هادشي ما عجبنيش,darija_arabic
قلتلك ما تديرهاش,darija_arabic
صحابتي جات اليوم,darija_arabic
درنا فييستا البارح,darija_arabic
أنا في دارنا دابا,darija_arabic
خاصني نقرا شوية,darija_arabic
حيت راني مدمّر,darija_arabic
طلع عليا الضغط,darija_arabic
قلت نجي معاك,darija_arabic
مالك دايخ هكا؟,darija_arabic
عيتلهم وما ردوش!,darija_arabic
شحال كيدخل الانترنت في فورفي أوريدو؟,darija_arabic
جيزي دابا عندها برومو جديدة,darija_arabic
ما فهمتش كيفاش ندير كونفيغيراسيون 4G,darija_arabic
كتبقى الكونكسيون تقطع ولا بطيئة,darija_arabic
غير ندير ريشارج كيمشي ديركت,darija_arabic
واش فبالك بهاد العرض ديال موبيليس؟,darija_arabic
خاصني الكود ديال الويفي اللي في المودام,darija_arabic
أورنج عندهم فورفي ب 1000 دج,darija_arabic
كيمشي الكريدي بزاف في المكالمات,darija_arabic
كونكسي بطيئة دابا، اشرح لي شوية,darija_arabic
أنا مع جيزي وماكانش مشكل,darija_arabic
فودافون كاينة في الخارج بقات تحت الكوفراتور,darija_arabic
علاش ما كيرسلوش SMS تأكيد؟,darija_arabic
غلاو الانترنت هدوما!,darija_arabic
نشوف العرض وندير مقارنة,darija_arabic
دير سبيد تست وشوف الديبيت,darija_arabic
الفورفي يجيب لك 10 جيغا ف الشهر,darija_arabic
كونكسي بالويفي مزيانة، 4G ما سرعاتش,darija_arabic
بغيت ندير بورتابيليتي لجيزي,darija_arabic
أوريدو عندها مِيّور كوفراتور ف بلاصتي,darija_arabic
كيعطيك 1 جيغا بونيس مع كل ريشارج,darija_arabic
راني عيط بجليزي، ما كانسمعش مزيان,darija_arabic
كيجي SMS مع كود فيريفيكاسيون ب زربة,darija_arabic
خاصني نعرف كيفاش نصيفط MMS,darija_arabic
مشات ليا الصولد بلا ما نفهم كيفاش,darija_arabic
ما كاينش السيغنال دابا، راه بصفر,darija_arabic
بغيت نطلانصي الانترنت بشي فورفي قليل,darija_arabic
تليفونات موبيليس ف المحلات ولات غالية,darija_arabic
ف التليفون ديالي 4G ما تصرّاتش مزيان,darija_arabic
درت ريشارج ف البوتيك ما تشارجاتش,darija_arabic
أوريدو عطاوني 5 جيغا ب 1000 دج اللي واعرة,darija_arabic
الكونكسيون فسخت وحدة وحدة,darija_arabic
كيبقاو يشارجيو ليا سيرفيسات ما بغيتهمش,darija_arabic
اللي ف أورنج، واش كاينة 5G دابا؟,darija_arabic
سميتي ما بقاتش ملي تشارجات السيم,darija_arabic
ف الأبلي ما كانش أوبسيون ديال العروض الجداد,darija_arabic
جيزي كيبعتو SMS ب زربة بزاف,darija_arabic
راني نعيط وتتسد ليا دابا دابا,darija_arabic
ما تقاوناش النت فالعرُوب,darija_arabic
صحابتي عندها مشكل مع جيزي، قالت ليا كيتسدو عليها المكالمات حتى ف وقت الحاجة، ودابا كتسول واش كاينة شي سولوسيون ولا لا,darija_arabic
الكونكسيون ديال أوريدو ف هاد الحومة ما عندهاش استابيليتي، نهار تجي بسرعة زوينة ونهار آخر ما كتمشيش حتى ل واتساب، هادي ما بقاتش كاينة,darija_arabic
مشات ليا الريشارج اللي درتها من الأب، ولكن ما زادوش ليا الصولد، عاودت تواصلت مع السيرفيس كلون وگالو لي صبري غير 24 ساعة,darija_arabic
التليفون ديالي كيبقى يدير إيرور ف السيم ديال موبيليس، راه ديجا جربت سيم أخرى وخدمات نرمال، دابا كنتسول واش السيم خاصها ريمبلاسمون,darija_arabic
دنيا خلتني نحس أن الفورفي كيتخلص بزاف على والو، ودابا كيقاطعونا بالـ SMS ملي ندير الريشارج أو نستعمل الانترنت,darija_arabic
راني عندي سؤال، علاش أوريدو كيديرو بونيس ما فهمتش كيفاش كيخدم؟ درت ريشارج ب 200 دج وعطاوني 500 دج داتا بونيس,darija_arabic
كيجيني ميساج ديال SFR ف التليفون ديالي وأنا ما عنديش سيم ديالهم، شوف واش ممكن يكون شي إيرور ف الريزو ولا الهاردوير,darija_arabic
غادي نكون فرحان إلا كان شي عرض فيه واتساب لا محدود بثمن مناسب، حيث دابا الفورفيات غاليين بزاف,darija_arabic
قالو ليا بلي فودافون ف فرنسا كيعطي انترنت لا محدود ف الفورفي ديال 25 يورو، واش كاين شي حاجة بحال هكا ف موبيليس ولا جيزي؟,darija_arabic
درت الريشارج ف البيرو طاباك، ولكن ميساج التأكيد ما جاش ليا دابا، تسنيت 15 دقيقة وما كاين والو، صيفطت *611# ما خدمتش,darija_arabic
مني نعيط للسيرفيس كلون ديال موبيليس، كيعطيوك صوت أوتوماتيك كيسول بالدارجة، ولكن ما كانفهمش الاختيارات اللي كيعطيو,darija_arabic
ماشي كل واحد يعرف يدير باراميتراج ديال 4G، دابا خاصكم تديرو فيديوهات بالدارجة وتحطوها ف يوتيوب باش نعرفو كيفاش نبراميترو,darija_arabic
كنخدم بسيم أوريدو ف المودام، ولكن دابا كيتقطع الاتصال كل 15 دقيقة، خاصني نعرف واش المشكل ف السيم ولا المودام,darija_arabic
كنت فالبلّاج ف جيجل والريزو ديال جيزي ما كانش خالص، ما عندهمش الكوفراتور هنا، خاصكم تديرو تحديث للريزو,darija_arabic
عرفتي واحد صعيق، عندو جوج كارت سيم، وحدة ديال موبيليس ووحدة ديال أورنج فرنسا، كيعرف كيفاش يخدم بيهم ف نفس الوقت,darija_arabic
خدمت الأب ديال جيزي باش نخدم العرض، ولكن ما تشارجاتش ليا الداتا اللي واعدين بيها، دابا بغيتكم تشوفو شي حل,darija_arabic
واش كاين شي عرض ف موبيليس اللي كيخدم فيه فايسبوك وتيك توك بلا محدود؟ حيث دابا كيتقطع عليا النت بسرعة,darija_arabic
SMS اللي كتصيفطو ف عروض جيزي ما فهمتش شنو كتسوى ولا كيفاش نفعّلها، خاصكم تحسنو الكومينيكاسيون مع الكليان,darija_arabic
ف أوريدو جربت شي عرض، ملي خدمتها سالات ليا الداتا بسرعة، ولكن ما كاينش سويفي ف الأب,darija_arabic
كنت بغيت ندير بورتابيليتي من موبيليس لجيزي ولكن قالولي خاصني نستنى 3 أيام باش تتسراح، دابا كتأخذ وقت بزاف,darija_arabic
دابا واش كاين شي عرض ف جيزي اللي كتسوقوه ف فايسبوك فيه واتساب وتيك توك لا محدود بثمن مناسب؟,darija_arabic
أنا كنت نصيفط SMS 700 باش نخدم العرض، ولكن العرض ما تفعلش، غير تلسق ليا الصولد وجاني ميساج غريب,darija_arabic
شنو أحسن أوبيراتور اللي كيعطي كوفراتور مزيانة ف بلاد كبيرة بحال لغواط؟ علاش كلشي خدام غير ف تلمسان؟,darija_arabic
أوريدو عندهم عروض زوينة ف الإشهار، ولكن ملي تدير ريشارج كتلقاها ما فيهاش بونيس، هادو غير تسويق,darija_arabic
خويا شريت سيم كارت دجيزي بصح ما تخدماتش,darija_arabic
تطبيق موبليس راهو يهنق بزاف، ما يفتحليش,darija_arabic
شفت إعلان تاع أوريدو فالأنستغرام، بصح فالآب ماكانش,darija_arabic
كل نهار يجيني مساج من 5005، وليت مخنوق,darija_arabic
درت عرض فايسبوك بـ50 دج، بصح الفيديو ما يخدمش,darija_arabic
حبيت نعيط للزابون تاع دجيزي، قعدت نستنى 20 دقيقة,darija_arabic
سيڨنال موبليس فالدوّار راح كامل,darija_arabic
كشطيت كود التعبئة، عطالي خطأ وعاودت 3 مرات,darija_arabic
واش كاين فورفي خاص بتطبيق تيك توك فموبليس؟,darija_arabic
قسمنا الانترنت من أوريدو، راحتلي 5Go في ساعة,darija_arabic
قالولي 4G بصح اليوتيوب ما يحملش,darija_arabic
السيم كارت تاع موبليس تحبّس كي نرستار الهاتف,darija_arabic
نحب نحول الرقم تاعي من دجيزي لموبليس، كيفاه؟,darija_arabic
سكانيت الكود فالآب تاع أوريدو، عطالي إيرور,darija_arabic
حبيت ندير كومبت ف djezzy wallet، قالولي الاسم خاطئ,darija_arabic
السيڨنال يطيح كي ندخل للڨراج، واش ندير؟,darija_arabic
الزابون كل مرة يجاوبني بروبو تلقائي,darija_arabic
درت عرض نتفليكس من موبليس، بصح راهي تقطع,darija_arabic
رحت للوكالة تاع أوريدو، قعدت نستنى بالزاف,darija_arabic
سمعت كاين عرض 30Go بـ1000دج بصح ما لقيتوش فالآب,darija_arabic
واش كاين عرض غير للمكالمات في دجيزي؟,darija_arabic
خدمة ما بعد البيع راهي تمشي ببطء كبير,darija_arabic
التطبيق يقوللي السيم غير مدعوم فالتلفون,darija_arabic
يجيني مساج من دجيزي فيه لينك خاطئ,darija_arabic
حبيت ندير تعبئة أوتوماتيكية، تنقصلي دراهم بلا تنبيه,darija_arabic
يجيني إشعار بعرض 100دج بصح يتخصملي 120دج,darija_arabic
تطبيق دجيزي يخدم غير مع VPN مرات,darija_arabic
درت كونفيݣ الانترنت وبقا السيڨنال طايح,darija_arabic
شحنت من بريدي موب، بصح ما زادليش الرصيد,darija_arabic
قالولي 5Go في 7 أيام، بقات يومين وما بقاتش داتا,darija_arabic
كاين خطأ فالمكالمات مع سيم موبليس، ما بقاش يستنى,darija_arabic
حبيت نبدل سيم أوريدو لي ضاعتلي، لازم تصريح؟,darija_arabic
واش كاين عرض خاص برمضان فيه 1Go فالنهار؟,darija_arabic
السيڨنال يطلع ويهبط كي الطقس,darija_arabic
النت ما تنجمش تحضر بيه زووم ولا ميتينڨ,darija_arabic
حبيت نشحن من تطبيق موبليس، وقفلي فالدفع,darija_arabic
كاين واحد يبيع كودات دجيزي بثمن أرخص,darija_arabic
درنا ڨروب فالواتساب باش نشكو من موبليس,darija_arabic
شحنت 200دج، بصح الرصيد ما تبدلش,darija_arabic
ما عرفتوش كيفاش نحذف العروض القديمة من التطبيق,darija_arabic
السيڨنال يقطع كي نكون فالدار، بصح فالخارج يخدم مليح,darija_arabic
شريت شريحة جديدة من أوريدو، ما فعلوهاش,darija_arabic
كاين مشكل فالأنترنت، راهي تمشي غير فالتطبيقات الخفيفة,darija_arabic
كل مرة ندير تعبئة، يطيرلي الرصيد بلا ما نعرف علاش,darija_arabic
كي نحاول نعيط، يقولي الشبكة غير متوفرة,darija_arabic
دخلت الكود *151# عطالي خدمة غير متاحة,darija_arabic
راني نبعث إيميلات وما يروحوش، كي نحول الواي فاي يخدم,darija_arabic
درت استبيان تاع دجيزي وما عطاوني والو,darija_arabic
خدمت عرض فيه يوتيوب غير محدود، بصح يتقطع كل شوية,darija_arabic
الإشعارات تاع العروض يجو فالنص الليل ويقلقوني,darija_arabic
راني نعاني من السيڨنال فالرّيف بزاف,darija_arabic
تطبيق موبليس كي نفتحو يبقا يڨلوشي برك,darija_arabic
درت تعبئة بالكارت، بصح ما جاتنيش تأكيد,darija_arabic
عندي نت، بصح التطبيقات ما تفتحش حتى نبدل الشريحة,darija_arabic
يعيطولي الناس يقولولي التليفون مغلق وهو راهو شاعل,darija_arabic
ما نقدرش نغيّر كلمة السر تاع أوريدو فالآب,darija_arabic
النت يضعف غير كي نكمل التعبئة، وش هاد الشي؟,darija_arabic
خسرت دراهم فالخدمة تاع SMS ما وصلش,darija_arabic
عروض رمضان لي وعدونا بيها ما جاوش كامل,darija_arabic
كاين فرق كبير بين العرض لي فالإشهار و الواقع,darija_arabic
نسيت الكود تاع الشريحة، رحت للوكالة وما حبوش يعاونوني,darija_arabic
السيڨنال يولي 3G ويهرب 4G كل شوية,darija_arabic
خدمت عرض مكالمات، بصح ما نقدرش نعيط,darija_arabic
الموزع الصوتي تاع دجيزي معقد بزاف، صعب توصل لخدمة الزبائن,darija_arabic
ما نقدرش ندير تعبئة بالكود عبر التطبيق، يقولي خطأ,darija_arabic
راهم يبعثولي عروض مكررة كل نهار,darija_arabic
خدمت العرض الأسبوعي، بصح النت خلص ثاني نهار,darija_arabic
الجي بي إس ما يخدمش مع نت تاع أوريدو,darija_arabic
حبيت نوقف العرض بصح ما كاين حتى خيار,darija_arabic
سيم تاع موبليس يسخن بزاف كي نكون نستعمل اليوتيوب,darija_arabic
واش راك شفت الفيديو اللي نتاع سعيد؟ زعيم برشا,darija_arabic
راني برشا مشغول هاذي الأيام، ماكيني وقت للراحة,darija_arabic
كيفاش دايرين في الدار؟ كلهم بخير؟,darija_arabic
أنا ما برشا نحب هالنوع من الأكل، ولكن نتحمّلو.,darija_arabic
نتاعسك؟ وين راك متاع؟,darija_arabic
خويا، سمعت الأخبار؟ راهو فضيحة حقيقية!,darija_arabic
نتاعج؟ واش دابا فاترك؟,darija_arabic
وين نلقى أحسن كسكسي في الجزائر؟,darija_arabic
هذا الطقس راهو برشا حار، ما نقدر نخرجش.,darija_arabic
راني نتفرج في فيلم على نتفلكس، تبغي تنضمّلي؟,darija_arabic
الحكومة راهي ما تعرفش تشغّل، كلشي تيما يتفاقم.,darija_arabic
الشباب راهم تيتسربوا من الوطن، وين نتاعهم؟,darija_arabic
لا للغلاء! راهو دابا ما نقدر نعيشواش.,darija_arabic
هذا الوزير راهو كيما اللي فاهم والو، ما يقدرش يخدم.,darija_arabic
نتاعسك بالوضع؟ راهو تيما يتفاقم يوم بعد يوم.,darija_arabic
أنا لو كنت وزير، راه نتاعكت الشغلة في يوم واحد!,darija_arabic
إذا بغيتي تعرف إذا واحد صادق ولا لا، سوله يقرضك فلوس.,darija_arabic
أنا برشا ذكي، ولكن برشا فقير… فالذكاء ما ينفعش!,darija_arabic
نتاعج؟ ولا لا؟ ولا بغيتي نبدأ نتاعجوا؟,darija_arabic
هذا الشخص راهو كيما الواد اللي قال ما نخافش ولقى نمر قدامو!,darija_arabic
راني حابس برشا stress، وma tête تيما تدوّم.,darija_arabic
"هذا film راهو trop bien, تبغي نتشاركوا عليه؟",darija_arabic
je suis fatigué de cette situation، ما نقدر نكملش هكذا.,darija_arabic
le prix ديال هالشي راهو trop élevé، ما نقدر نشريوش.,darija_arabic
خويا، tu crois أن الأمور غادي تتحسن؟,darija_arabic
"I’m done with this job, والله ما نقدر نكملش.",darija_arabic
This guy راهو كيما villain ديال film.,darija_arabic
stop being toxic، راهو ما ينجمش نعيشوا كيما هكا.,darija_arabic
"I need a vacation, حتى في الحلم ما نقدر نرتاحش.",darija_arabic
"Bonjour, comment ça va ?",not_darija
I am going to the store.,not_darija
Quel est ton nom ?,not_darija
The weather is nice today.,not_darija
C'est une bonne idée !,not_darija
"Aujourd'hui, nous avons une réunion importante au bureau.",not_darija
I think the internet service is too slow here.,not_darija
C’est vraiment impressionnant ce que vous avez accompli.,not_darija
The customer service at Vodafone was very helpful.,not_darija
L'application de Mobilis ne fonctionne pas correctement.,not_darija
Please restart your device and try again.,not_darija
J’ai contacté SFR mais je n’ai toujours pas de réponse.,not_darija
They promised to call back within 24 hours.,not_darija
Le réseau Orange est stable dans cette région.,not_darija
He said he will come after lunch.,not_darija
Nous avons signalé le problème hier matin.,not_darija
Make sure your mobile data is turned on.,not_darija
La connexion a été interrompue plusieurs fois aujourd’hui.,not_darija
I couldn’t attend the meeting because of work.,not_darija
Le service client d’Ooredoo m’a répondu très vite.,not_darija
I’m waiting for their technician to arrive.,not_darija
Il a téléchargé l’application depuis le site officiel.,not_darija
I used the hotline to report the issue.,not_darija
Ce forfait est trop cher pour moi.,not_darija
Why is my balance decreasing without usage?,not_darija
Mon téléphone ne capte pas le signal ici.,not_darija
The update fixed many bugs in the app.,not_darija
Avez-vous vérifié les paramètres de votre routeur ?,not_darija
They sent a message saying the issue is solved.,not_darija
Je vais essayer une autre carte SIM.,not_darija
The plan includes unlimited data and calls.,not_darija
La vitesse de connexion est très faible ce soir.,not_darija
Il faut recharger votre compte pour continuer.,not_darija
Check your account balance in the app.,not_darija
Ce n’est pas la première fois que ça arrive.,not_darija
I logged in but couldn’t access my data.,not_darija
La qualité de l’appel est mauvaise depuis hier.,not_darija
They said they’ll offer compensation soon.,not_darija
L'agent m’a expliqué le problème en détail.,not_darija
Your request has been successfully processed.,not_darija
Le site est en maintenance pour le moment.,not_darija
I have submitted a complaint online.,not_darija
Ils ont promis une amélioration cette semaine.,not_darija
The issue seems to be resolved now.,not_darija
Merci de contacter notre service après-vente.,not_darija
أحتاج إلى إعادة شحن رصيدي قبل نهاية اليوم.,not_darija
Le forfait proposé est trop cher pour un étudiant.,not_darija
Please try to reset your modem and test again.,not_darija
La connexion a été interrompue sans raison apparente.,not_darija
I received a confirmation SMS but no credit was added.,not_darija
Le service client de Djezzy m’a donné un code erroné.,not_darija
لقد قمت بتثبيت التطبيق ولم يعمل التفعيل.,not_darija
The network coverage is poor in this area.,not_darija
Nous acceptons les paiements par carte bancaire ou mobile money.,not_darija
The technician arrived late and the issue was not fixed.,not_darija
قمت بإرسال شكوى ولم أتلقَ أي رد حتى الآن.,not_darija
My account balance is decreasing without any usage.,not_darija
Le réseau SFR est actuellement indisponible dans ma zone.,not_darija
He said his SIM card is blocked after the update.,not_darija
بالرغم من إعادة التشغيل، الخدمة لم تستأنف.,not_darija
I evaluated the speeds and found major differences between providers.,not_darija
Veuillez confirmer que vous utilisez la dernière version de l'app.,not_darija
Le lien indiqué dans le SMS était invalide.,not_darija
I successfully ported from Mobilis to Ooredoo last week.,not_darija
لقد حاولت إرسال رسالة متعددة الوسائط (MMS) ولم تصل.,not_darija
The app installation failed due to compatibility issues.,not_darija
Le forfait Internet proposé inclut uniquement les réseaux sociaux.,not_darija
I checked the FAQ but no solution was available.,not_darija
Merci d’entrer votre code pour confirmer l’activation.,not_darija
My refund request is being processed by the billing team.,not_darija
Je vous ai contacté par e-mail mais sans réponse.,not_darija
The subscription appears active but I'm still charged.,not_darija
الهاتف لا يتعرف على بطاقة SIM الجديدة.,not_darija
Check your data allowance in the dashboard section.,not_darija
Le premier mois est offert pour les nouveaux inscrits.,not_darija
I lost internet connection right after the registration.,not_darija
Le service d’assistance est fermé durant les weekends.,not_darija
I received a spam message claiming to be from the provider.,not_darija
لقد تم تفعيل العرض لكن لم يبدأ التأمين البنكي.,not_darija
English customer support is available only online.,not_darija
Une erreur est survenue lors de la mise à jour de l’application.,not_darija
Billing cycle starts from next month.,not_darija
الحساب لم يُفعل رغم إعادة التحقق من البريد الإلكتروني.,not_darija
The update improved the user interface significantly.,not_darija
J’ai reçu un e-mail de confirmation après l’inscription.,not_darija
I cancelled my data package but still see charges.,not_darija
Veuillez entrer votre mot de passe avant de continuer.,not_darija
You can track your payment history in Settings.,not_darija
Le forfait d’essai expire dans 3 jours.,not_darija
My phone shows 'SIM not provisioned'.,not_darija
لقد أدخلت الرقم الخاطئ في خانة التحقق.,not_darija
The temporary password will expire in 24 hours.,not_darija
L’application demande l’accès à votre localisation.,not_darija
Internet speed shows only 2 Mbps despite signal 4G.,not_darija
Il faut activer le roaming avant de partir à l’étranger.,not_darija
I modified my plan but the changes haven't been applied.,not_darija
Voulez‑vous réinitialiser votre code PIN actuellement ?,not_darija
Payment confirmation is pending since this morning.,not_darija
أرسلت رسالة نصية ولكن لم أصل منها بأي رد.,not_darija
لقد تم خصم الرصيد دون استخدام الإنترنت.,not_darija
Je n'arrive pas à accéder à mon espace client.,not_darija
Your subscription has been renewed automatically.,not_darija
يرجى التأكد من تفعيل إعدادات الإنترنت في الهاتف.,not_darija
Le site web est en maintenance jusqu'à demain.,not_darija
I'm trying to activate the SIM but it fails every time.,not_darija
تم إرسال الطلب وسيتم الرد خلال 48 ساعة.,not_darija
Nous ne pouvons pas traiter votre demande pour le moment.,not_darija
Please provide your ID number to proceed.,not_darija
أواجه مشكلة في تحميل التطبيق من المتجر.,not_darija
The support team will call you back shortly.,not_darija
L'interface utilisateur est intuitive et rapide.,not_darija
هل يمكنني استرجاع المبلغ المدفوع في حال الإلغاء؟,not_darija
The hotline is available 24/7 for technical issues.,not_darija
Je souhaite changer mon mot de passe.,not_darija
لقد قمت بالتسجيل ولكن لم تصلني رسالة التفعيل.,not_darija
You can update your preferences from the profile tab.,not_darija
Le réseau est instable pendant les heures de pointe.,not_darija
My messages are not being delivered to other users.,not_darija
تم التحقق من الرقم بنجاح.,not_darija
I’ve sent multiple emails but got no answer.,not_darija
L’application affiche un message d’erreur.,not_darija
يرجى إعادة تشغيل الهاتف بعد إدخال الشريحة.,not_darija
No signal appears even after changing location.,not_darija
Je suis déjà abonné à cette offre.,not_darija
The SMS confirmation took more than 10 minutes.,not_darija
تم رفض العملية لعدم كفاية الرصيد.,not_darija
You can use the live chat feature on our website.,not_darija
Le numéro que vous avez composé n’est pas attribué.,not_darija
لم أتمكن من استخدام البيانات أثناء التجوال.,not_darija
Please attach a screenshot for verification.,not_darija
Le mode nuit est activé automatiquement.,not_darija
My account was suspended due to inactivity.,not_darija
هل يمكنني طلب بطاقة SIM عبر الإنترنت؟,not_darija
The estimated delivery time is 3–5 business days.,not_darija
J’ai oublié mon identifiant de connexion.,not_darija
تم تحديث بياناتك بنجاح.,not_darija
I received duplicate SMS alerts for the same event.,not_darija
"Le paiement a échoué, veuillez réessayer.",not_darija
أرغب في إلغاء الاشتراك في الحزمة الحالية.,not_darija
You’ll receive a notification once it's activated.,not_darija
La page ne se charge pas correctement sur mon navigateur.,not_darija
I checked my data usage—it seems incorrect.,not_darija
تم إرسال رمز التحقق إلى بريدك الإلكتروني.,not_darija
Veuillez activer le Bluetooth pour partager la connexion.,not_darija
The app is currently not supported on this OS version.,not_darija
يرجى تحديث التطبيق للحصول على ميزات جديدة.,not_darija
Je ne comprends pas les frais supplémentaires.,not_darija
The system update improved call quality.,not_darija
تم تسجيل الشكوى وسيتم مراجعتها من قبل الفريق المختص.,not_darija
Please try another browser or clear your cache.,not_darija
L’offre promotionnelle est valable jusqu’au 31 août.,not_darija
لم أتمكن من إتمام عملية الدفع عبر التطبيق.,not_darija
The contact form requires all fields to be completed.,not_darija
Je ne trouve pas l’option de réinitialisation.,not_darija
تم تغيير كلمة المرور بنجاح.,not_darija
The message content violates our usage policy.,not_darija
La connexion VPN bloque certaines fonctionnalités.,not_darija
أحتاج إلى رمز التفعيل مرة أخرى لأن الأول انتهت صلاحيته.,not_darija
Your call may be recorded for training purposes.,not_darija
يرجى التواصل معنا عبر البريد الإلكتروني الرسمي.,not_darija
The invoice has been generated and sent.,not_darija
Je vais contacter le service technique immédiatement.,not_darija
تمت معالجة الطلب بنجاح.,not_darija
Our customer policy has recently been updated.,not_darija
Le réseau est revenu à la normale.,not_darija
لماذا لا أستطيع تفعيل الرمز المرسل عبر الرسائل النصية؟,not_darija
The app crashed after the last update.,not_darija
Votre demande est en cours de traitement.,not_darija
تم استقبال شكواك وسيتم الرد قريبًا.,not_darija
Please be advised that the hotline is currently busy.,not_darija
J’ai essayé de redémarrer plusieurs fois sans succès.,not_darija
تمت إعادة تعيين كلمة المرور.,not_darija
We value your feedback and strive to improve.,not_darija
Ce service nécessite une connexion Internet stable.,not_darija
يرجى الانتظار أثناء تحميل البيانات.,not_darija
The confirmation email might be in your spam folder.,not_darija
Je veux parler à un conseiller en direct.,not_darija
لقد وصلتني الفاتورة لكن المبلغ غير صحيح.,not_darija
Your request has been escalated to the higher team.,not_darija
L’erreur persiste malgré les tentatives de résolution.,not_darija
لم أتمكن من العثور على الإعدادات.,not_darija
Check your email for further instructions.,not_darija
Le serveur est momentanément indisponible.,not_darija
تم حذف الحساب بناءً على طلب المستخدم.,not_darija
The issue has been identified and fixed.,not_darija
Je n’ai reçu aucun message de confirmation.,not_darija
يرجى إلغاء الحظر عن رقمي.,not_darija
An update is required to continue using this feature.,not_darija
La facturation est faite à la fin du mois.,not_darija
تم تعطيل الحساب لأسباب أمنية.,not_darija
Please enter a valid email address.,not_darija
Nous avons bien reçu votre demande.,not_darija
لم أقم بالاشتراك ومع ذلك تم خصم الرصيد.,not_darija
The SIM card must be activated within 48 hours.,not_darija
Je souhaite transférer mon numéro vers un autre opérateur.,not_darija
تم الرد على استفسارك عبر البريد.,not_darija
The settings menu is located at the top right.,not_darija
Aucune donnée n’est disponible actuellement.,not_darija
يرجى تزويدنا بمزيد من التفاصيل حول المشكلة.,not_darija
Nous ne partageons pas vos informations personnelles.,not_darija
I've attached the invoice for reference.,not_darija
تم قفل الحساب بعد عدة محاولات فاشلة.,not_darija
Click the link below to verify your identity.,not_darija
Ce service est temporairement suspendu.,not_darija
يرجى اتباع الخطوات الموضحة في التطبيق.,not_darija
The maximum file size is 10MB.,not_darija
Nous vous remercions pour votre compréhension.,not_darija
يرجى تفعيل خاصية الموقع الجغرافي.,not_darija
The download speed is below the expected threshold.,not_darija
تم تحديث رقم الهاتف في النظام.,not_darija
La validation peut prendre jusqu’à 24 heures.,not_darija
This feature is not supported on your current plan.,not_darija
J’ai bien reçu votre réponse.,not_darija
لم يتم تفعيل العرض الترويجي حتى الآن.,not_darija
Use a different method of payment if the issue persists.,not_darija
Les données mobiles sont activées mais ne fonctionnent pas.,not_darija
تأكد من إدخال الرقم الصحيح.,not_darija
You have reached the daily usage limit.,not_darija
Nous avons mis à jour notre politique de confidentialité.,not_darija
يرجى إغلاق التطبيق ثم إعادة تشغيله.,not_darija
Je n’arrive pas à accéder à mon compte.,not_darija
يرجى مراجعة الشروط والأحكام قبل الاستمرار.,not_darija
We’ve updated our terms of service.,not_darija
Votre abonnement a expiré.,not_darija
تم توصيل الطلب إلى العنوان المحدد.,not_darija
Click here to reset your password.,not_darija
Je pense qu'il y a une erreur dans la facture.,not_darija
الرجاء عدم الرد على هذا البريد الإلكتروني.,not_darija
Your session has timed out.,not_darija
Nous travaillons actuellement sur une mise à jour.,not_darija
لقد نسيت كلمة المرور الخاصة بي.,not_darija
Ensure the device is connected to Wi-Fi.,not_darija
Nous allons analyser votre demande dans les plus brefs délais.,not_darija
يرجى العلم أن مواعيد العمل تنتهي الساعة 4 مساءً.,not_darija
The system will undergo maintenance tonight.,not_darija
Je suis en attente de votre réponse.,not_darija
يرجى إرفاق المستندات المطلوبة.,not_darija
Our office will be closed for the holiday.,not_darija
Merci pour votre patience.,not_darija
لا يمكن تنفيذ هذا الإجراء الآن.,not_darija
Je ne comprends pas pourquoi cela ne fonctionne pas.,not_darija
You must be logged in to access this feature.,not_darija
تم تنفيذ الطلب بنجاح.,not_darija
Please try again later.,not_darija
Je n'ai pas changé mon mot de passe récemment.,not_darija
يرجى إعادة المحاولة لاحقًا.,not_darija
The activation link is no longer valid.,not_darija
Nous vous contacterons dès que possible.,not_darija
البيانات المدخلة غير صحيحة.,not_darija
This item is currently out of stock.,not_darija
J’ai rencontré un problème lors de l’inscription.,not_darija
تمت مراجعة المعلومات المرسلة.,not_darija
Click the checkbox to accept the terms.,not_darija
Nous vous remercions pour votre fidélité.,not_darija
هل يمكنني استرجاع البيانات المحذوفة؟,not_darija
The request could not be completed.,not_darija
Ce lien est valable pour 24 heures uniquement.,not_darija
يرجى التأكد من تحديث التطبيق.,not_darija
"We’re sorry, something went wrong.",not_darija
Je ne peux pas accéder au menu principal.,not_darija
لقد تم استلام الطلب الخاص بك.,not_darija
Please contact our support team for assistance.,not_darija
Nous traitons actuellement un volume élevé de requêtes.,not_darija
تم إرسال الرمز بنجاح.,not_darija
Click here to continue.,not_darija
Je voudrais changer d’offre.,not_darija
تم تفعيل الخدمة بنجاح.,not_darija
"If you experience issues, contact customer care.",not_darija
Je n’ai pas reçu le code de vérification.,not_darija
يرجى الانتظار ريثما يتم التحميل.,not_darija
Your payment was successful.,not_darija
Les conditions de l’offre sont indiquées ci-dessous.,not_darija
تم تحديث المعلومات في قاعدة البيانات.,not_darija
Make sure your phone is charged.,not_darija
Nous avons besoin de plus de temps pour examiner cela.,not_darija
هذا الرقم غير متاح حالياً.,not_darija
Your subscription will renew automatically.,not_darija
Le problème a été signalé à l’équipe technique.,not_darija
يرجى تفعيل حسابك للمتابعة.,not_darija
We are processing your request.,not_darija
Votre numéro est déjà enregistré dans notre base de données.,not_darija
Nous avons bien reçu votre message.,not_darija
الرجاء إدخال البيانات بشكل صحيح.,not_darija
This field cannot be left empty.,not_darija
Votre demande est en cours de traitement.,not_darija
هل نسيت كلمة المرور؟,not_darija
Your feedback is important to us.,not_darija
Merci pour votre compréhension.,not_darija
تم تسجيل الخروج بنجاح.,not_darija
Check your email for confirmation.,not_darija
Je souhaite parler à un conseiller.,not_darija
لا يمكننا تلبية هذا الطلب حالياً.,not_darija
Please enter a valid phone number.,not_darija
Le code saisi est incorrect.,not_darija
سيتم التواصل معك قريباً.,not_darija
Your order has been confirmed.,not_darija
Nous avons détecté une activité inhabituelle.,not_darija
لم يتم العثور على النتائج المطلوبة.,not_darija
We apologize for the inconvenience.,not_darija
Votre colis est en route.,not_darija
يرجى تحديث الصفحة والمحاولة مرة أخرى.,not_darija
The server is currently unavailable.,not_darija
Je vous remercie pour votre aide.,not_darija
لم يتم قبول البطاقة المستخدمة.,not_darija
Try using a different browser.,not_darija
Nous n’avons pas accès à cette information.,not_darija
تم قفل الحساب مؤقتاً لأسباب أمنية.,not_darija
Veuillez contacter notre service client.,not_darija
Your password must contain at least 8 characters.,not_darija
Nous vous enverrons une notification une fois terminé.,not_darija
تأكد من الاتصال بالإنترنت.,not_darija
Je ne trouve pas la rubrique souhaitée.,not_darija
The page you are looking for does not exist.,not_darija
Merci pour votre retour.,not_darija
تم تأكيد الحجز بنجاح.,not_darija
Votre mot de passe a été changé.,not_darija
An error occurred while processing your request.,not_darija
يرجى تعبئة النموذج بالكامل.,not_darija
Le montant total est affiché ci-dessous.,not_darija
You have no new notifications.,not_darija
لم يتم التحقق من عنوان البريد الإلكتروني.,not_darija
Je souhaite annuler mon abonnement.,not_darija
Please update your billing information.,not_darija
تم إرسال الرسالة بنجاح.,not_darija
Nous vous remercions de votre intérêt.,not_darija
This coupon code has expired.,not_darija
لا يمكن الوصول إلى الخادم الآن.,not_darija
Votre session a expiré. Veuillez vous reconnecter.,not_darija
Make sure all fields are filled correctly.,not_darija
Veuillez choisir une autre option.,not_darija
تم إدخال البيانات بنجاح.,not_darija
You will receive a confirmation shortly.,not_darija
"Je suis désolé, je ne peux pas vous aider.",not_darija
الرجاء اختيار اللغة المفضلة.,not_darija
Veuillez patienter pendant le chargement.,not_darija
Your access has been restricted.,not_darija
تم استلام النموذج بنجاح.,not_darija
Nous allons vous envoyer un email de confirmation.,not_darija
You have successfully unsubscribed.,not_darija
تمت إضافة العنصر إلى السلة.,not_darija
Your download will begin shortly.,not_darija
Je suis en train de mettre à jour le système.,not_darija
Le formulaire a été envoyé avec succès.,not_darija
سيتم إعادة توجيهك بعد قليل.,not_darija
You must agree to the terms and conditions.,not_darija
Merci de compléter tous les champs requis.,not_darija
تم تحديث الملف الشخصي.,not_darija
Your card has been declined.,not_darija
La livraison est prévue pour demain.,not_darija
يرجى اختيار وقت مناسب للاتصال.,not_darija
Click here to learn more.,not_darija
Nous avons besoin de plus d'informations.,not_darija
يرجى مراجعة البريد الإلكتروني للتحقق.,not_darija
You have exceeded the maximum number of attempts.,not_darija
Votre compte est déjà actif.,not_darija
لم يتم حفظ التغييرات.,not_darija
Try again later.,not_darija
Ce service est temporairement indisponible.,not_darija
تم إلغاء العملية بطلب منك.,not_darija
You are now logged out.,not_darija
Veuillez remplir ce champ obligatoire.,not_darija
سيتم إرسال رمز التحقق.,not_darija
Your profile has been updated.,not_darija
Je souhaite recevoir la newsletter.,not_darija
انتهت صلاحية الجلسة.,not_darija
Please make sure your information is correct.,not_darija
Nous ne pouvons pas traiter votre demande pour le moment.,not_darija
يرجى الانتظار حتى يتم التحميل.,not_darija
This item is out of stock.,not_darija
Merci de votre patience.,not_darija
تم تسجيل طلبك بنجاح.,not_darija
You don’t have permission to access this page.,not_darija
Veuillez activer votre compte.,not_darija
لا يمكن حذف هذا العنصر حالياً.,not_darija
Nous vous contacterons dès que possible.,not_darija
Please check your connection.,not_darija
تم تغيير إعدادات الحساب.,not_darija
Your subscription has been renewed.,not_darija
Je n’ai pas reçu mon mot de passe.,not_darija
لا يوجد نتائج مطابقة.,not_darija
Nous n'avons pas pu vérifier votre identité.,not_darija
Please choose your country from the list.,not_darija
تم إنشاء الحساب بنجاح.,not_darija
You need to reset your password.,not_darija
Votre panier est vide.,not_darija
لا يمكن إرسال الرسالة حالياً.,not_darija
Make sure you entered a valid email address.,not_darija
Nous mettons à jour nos services.,not_darija
سيتم إشعارك عند توفر المنتج.,not_darija
This action cannot be undone.,not_darija
Merci de nous avoir contactés.,not_darija
يرجى إعادة المحاولة لاحقاً.,not_darija
Veuillez consulter les conditions générales.,not_darija
The username is already taken.,not_darija
تم إيقاف الحساب لأسباب أمنية.,not_darija
Click to see more options.,not_darija
Ce champ ne peut pas être vide.,not_darija
العملية اكتملت بنجاح.,not_darija
Your payment has been received.,not_darija
Je souhaite parler à un agent.,not_darija
لا يمكن إتمام العملية حالياً.,not_darija
Veuillez sélectionner une date valide.,not_darija
Your device is not supported.,not_darija
Merci de vérifier votre adresse de livraison.,not_darija
يرجى تحديث كلمة المرور الخاصة بك.,not_darija
The file has been uploaded successfully.,not_darija
Aucune donnée disponible pour le moment.,not_darija
تم إرسال إشعار بالبريد الإلكتروني.,not_darija
Your request is being processed.,not_darija
Le numéro de téléphone est invalide.,not_darija
يرجى الاتصال بخدمة العملاء.,not_darija
Please verify your phone number.,not_darija
"Votre session a expiré, veuillez vous reconnecter.",not_darija
تم إرسال رمز التأكيد.,not_darija
This link is no longer valid.,not_darija
Nous avons bien reçu votre demande.,not_darija
يرجى ملء جميع الحقول الإلزامية.,not_darija
Please enter a valid postal code.,not_darija
Votre commande a été annulée.,not_darija
تم قفل الحساب بعد عدة محاولات فاشلة.,not_darija
This field is required.,not_darija
Nous n'avons pas trouvé d'utilisateur avec cette adresse.,not_darija
يرجى التحقق من اتصال الإنترنت.,not_darija
Invalid email or password.,not_darija
Le site est en maintenance.,not_darija
تم تسجيل الخروج بنجاح.,not_darija
Vous pouvez changer votre mot de passe ici.,not_darija
يرجى المحاولة مرة أخرى لاحقاً.,not_darija
Account settings were updated.,not_darija
Nous avons détecté une activité suspecte.,not_darija
لا يمكن إكمال الطلب حالياً.,not_darija
The password does not meet the criteria.,not_darija
Un problème est survenu lors de la validation.,not_darija
تم إرسال الطلب بنجاح.,not_darija
You are not authorized to view this page.,not_darija
Votre message a été envoyé.,not_darija
لا توجد عناصر في سلة التسوق.,not_darija
Please contact the administrator.,not_darija
Ce produit n’est plus disponible.,not_darija
تم حذف العنصر بنجاح.,not_darija
Click below to continue.,not_darija
Le code promotionnel est invalide.,not_darija
يرجى إعادة المحاولة بعد قليل.,not_darija
The account has been suspended.,not_darija
Vos paramètres ont été enregistrés.,not_darija
تم إرسال رسالة التأكيد.,not_darija
Please upload a valid document.,not_darija
La mise à jour a échoué.,not_darija
لم يتم العثور على النتائج.,not_darija
Your login was successful.,not_darija
Veuillez entrer une date de naissance valide.,not_darija
تم إرسال التعليمات إلى بريدك الإلكتروني.,not_darija
This option is not available in your region.,not_darija
Nous avons bien reçu votre inscription.,not_darija
تمت إعادة تعيين كلمة المرور.,not_darija
Please check your input and try again.,not_darija
Votre profil a été modifié.,not_darija
الرجاء مراجعة الشروط والأحكام.,not_darija
Your session will expire in 5 minutes.,not_darija
Le fichier dépasse la taille autorisée.,not_darija
تم إغلاق الطلب بنجاح.,not_darija
Veuillez vérifier votre boîte de réception.,not_darija
Your account was successfully created.,not_darija
Aucune action supplémentaire n'est requise.,not_darija
يرجى عدم مشاركة معلوماتك الشخصية.,not_darija
Your password must contain at least one uppercase letter.,not_darija
Ce champ ne peut pas être vide.,not_darija
تم تحميل الصورة بنجاح.,not_darija
Please confirm your subscription.,not_darija
Une erreur s'est produite lors du traitement.,not_darija
تم تسجيل الدخول باستخدام البريد الإلكتروني.,not_darija
Check your spam folder if you can't find the email.,not_darija
Votre demande est en cours de traitement.,not_darija
العملية اكتملت بنجاح.,not_darija
This account has been deactivated.,not_darija
Le formulaire a été soumis avec succès.,not_darija
تم إنشاء الحساب الجديد.,not_darija
Enter your username and password to login.,not_darija
L'adresse email est déjà utilisée.,not_darija
يرجى تحديث التطبيق للحصول على الميزات الجديدة.,not_darija
Click here to reset your password.,not_darija
Nous vous remercions pour votre patience.,not_darija
لم يتم حفظ التغييرات.,not_darija
This action is not permitted.,not_darija
Votre navigateur n'est pas compatible.,not_darija
تم رفض العملية.,not_darija
Please make sure all fields are completed.,not_darija
Le document a été signé numériquement.,not_darija
تم التحقق من الحساب.,not_darija
Access denied. You don't have the right permissions.,not_darija
Une mise à jour est disponible.,not_darija
البيانات التي تم إدخالها غير صحيحة.,not_darija
Please wait while we load your content.,not_darija
Nous avons détecté un nouvel appareil.,not_darija
تم حظر الحساب مؤقتاً.,not_darija
Please provide a reason for your request.,not_darija
Le bouton ne fonctionne pas correctement.,not_darija
تم تغيير كلمة المرور بنجاح.,not_darija
Do not refresh the page while submitting.,not_darija
L’accès à cette page est restreint.,not_darija
الرجاء عدم إغلاق النافذة أثناء التحديث.,not_darija
Your feedback has been submitted.,not_darija
Les champs marqués d’un astérisque sont obligatoires.,not_darija
تم إرسال إشعار بالتحديث الأخير.,not_darija
This feature is coming soon.,not_darija
Votre session a été interrompue.,not_darija
تم إعادة تعيين البيانات.,not_darija
Ensure your email address is spelled correctly.,not_darija
Nous travaillons à résoudre ce problème.,not_darija
الرجاء اتباع التعليمات بعناية.,not_darija
Your browser needs to be updated.,not_darija
Le téléchargement a été annulé.,not_darija
تم تسجيل الخروج تلقائياً.,not_darija
Please log in to continue.,not_darija
Aucune mise à jour trouvée.,not_darija
تم إرسال الطلب إلى القسم المختص.,not_darija
This offer has expired.,not_darija
Votre facture est disponible dans votre compte.,not_darija
تم إرسال الرسالة بنجاح.,not_darija
Check your balance before making a purchase.,not_darija
L’opération a été effectuée avec succès.,not_darija
يرجى التواصل مع الدعم الفني.,not_darija
We could not verify your identity.,not_darija
Veuillez compléter votre profil.,not_darija
تم إرسال الرمز إلى رقم هاتفك.,not_darija
يرجى إدخال رمز التحقق.,not_darija
This email is already associated with another account.,not_darija
Votre numéro de téléphone est invalide.,not_darija
تم حفظ الإعدادات الجديدة.,not_darija
We couldn’t process your request. Try again later.,not_darija
Le mot de passe doit contenir au moins 8 caractères.,not_darija
هذا الخيار غير متوفر حالياً.,not_darija
Please enter a valid date format.,not_darija
Le serveur est temporairement indisponible.,not_darija
تمت الموافقة على طلبك.,not_darija
Sign out from all devices?,not_darija
Cette opération nécessite une confirmation.,not_darija
يرجى اختيار طريقة الدفع المفضلة.,not_darija
The image format is not supported.,not_darija
Le système sera mis à jour cette nuit.,not_darija
تم إغلاق الجلسة بسبب عدم النشاط.,not_darija
Check your network connection.,not_darija
Votre panier est vide.,not_darija
تم إرسال إشعار بالبريد الإلكتروني.,not_darija
Click below to continue.,not_darija
Votre abonnement expirera bientôt.,not_darija
تم تعيين الإعدادات الافتراضية.,not_darija
This number is no longer in service.,not_darija
Une vérification supplémentaire est requise.,not_darija
يرجى ملء جميع الحقول المطلوبة.,not_darija
This file is too large to upload.,not_darija
Le service client est disponible 24h/24.,not_darija
تم تسجيل العنوان الجديد.,not_darija
Choose a secure payment method.,not_darija
Nous vous enverrons une alerte en cas de modification.,not_darija
تمت إعادة تعيين الرمز السري.,not_darija
No internet connection. Try again.,not_darija
Cette page n’existe plus.,not_darija
يرجى تفعيل حسابك عبر البريد الإلكتروني.,not_darija
Please try again after some time.,not_darija
Le téléchargement est en cours...,not_darija
تم حجز موعدك بنجاح.,not_darija
The maximum number of attempts has been reached.,not_darija
Ce champ ne peut pas contenir de caractères spéciaux.,not_darija
تم إرسال طلب الدعم.,not_darija
Vous avez atteint la limite autorisée.,not_darija
يرجى تحديد خيار من القائمة.,not_darija
We have detected unusual activity on your account.,not_darija
La validation a échoué.,not_darija
تم إنشاء كلمة مرور جديدة.,not_darija
Please fill in all the required fields.,not_darija
Votre adresse a été enregistrée.,not_darija
لم يتم العثور على نتائج مطابقة.,not_darija
Update your payment information.,not_darija
Ce fichier a été supprimé.,not_darija
تم تعطيل هذا الخيار من قبل المسؤول.,not_darija
Votre requête est en cours d'examen.,not_darija
Please select a language.,not_darija
لم يتم تحميل البيانات بعد.,not_darija
Le compte a été suspendu temporairement.,not_darija
You need to sign in to view this page.,not_darija
تم إدخال البيانات بنجاح.,not_darija
Cet élément a été déplacé dans la corbeille.,not_darija
The session has expired.,not_darija
يرجى إعادة المحاولة لاحقاً.,not_darija
Nous ne pouvons pas accéder à ce contenu.,not_darija
Account settings updated successfully.,not_darija
تم تحديث المعلومات الشخصية.,not_darija
Your session has timed out. Please log in again.,not_darija
Veuillez vérifier vos informations bancaires.,not_darija
تم تفعيل الخدمة بنجاح.,not_darija
Your password was changed successfully.,not_darija
Ce produit n'est plus disponible.,not_darija
يرجى الموافقة على الشروط والأحكام.,not_darija
This action cannot be undone.,not_darija
Nous mettons à jour votre profil.,not_darija
تم إرسال رسالة التأكيد.,not_darija
We are experiencing high traffic. Please wait.,not_darija
Votre message a été reçu.,not_darija
هذا العنصر غير موجود في المخزون.,not_darija
We have sent a verification code to your email.,not_darija
Le montant total inclut les taxes.,not_darija
لم يتم التحقق من الهوية.,not_darija
Please contact customer support.,not_darija
Cette section est actuellement en maintenance.,not_darija
تم الوصول إلى الحد الأقصى.,not_darija
You do not have permission to access this resource.,not_darija
Le fichier a été téléchargé avec succès.,not_darija
يرجى استخدام متصفح حديث.,not_darija
This code has expired.,not_darija
Votre demande a été envoyée.,not_darija
تم التحقق من صحة المعلومات.,not_darija
Your feedback is important to us.,not_darija
Cette fonctionnalité n’est pas encore disponible.,not_darija
البيانات المدخلة غير صحيحة.,not_darija
You will receive a confirmation email shortly.,not_darija
Veuillez patienter pendant le chargement.,not_darija
تم تسجيل الخروج تلقائيًا.,not_darija
Your order has been confirmed.,not_darija
Le mot de passe a été modifié.,not_darija
يرجى الاتصال بالمشرف.,not_darija
We could not complete your request.,not_darija
Les paramètres ont été enregistrés.,not_darija
تمت معالجة العملية بنجاح.,not_darija
You have been logged out.,not_darija
Veuillez entrer un nom d'utilisateur valide.,not_darija
لا يمكن إكمال العملية الآن.,not_darija
Please wait while we process your request.,not_darija
Votre session est sur le point d’expirer.,not_darija
تم تحميل الملف بنجاح.,not_darija
Your changes have been saved.,not_darija
Ce service est actuellement indisponible.,not_darija
يرجى المحاولة مرة أخرى لاحقًا.,not_darija
There was an error submitting your form.,not_darija
Aucun résultat trouvé.,not_darija
تم حذف الحساب بشكل نهائي.,not_darija
Votre mot de passe a été enregistré.,not_darija
Please choose a different username.,not_darija
تم إدخال رمز خاطئ.,not_darija
We are sorry for the inconvenience.,not_darija
Les champs marqués d’un astérisque sont obligatoires.,not_darija
تم إغلاق التطبيق للصيانة.,not_darija
Your profile has been updated.,not_darija
Le document a été validé.,not_darija
تم إيقاف تشغيل الإشعارات.,not_darija
Connection failed. Please try again.,not_darija
Aucune mise à jour disponible.,not_darija
تمت الموافقة على طلب الانضمام.,not_darija
تم إنشاء الحساب بنجاح.,not_darija
Your account is now active.,not_darija
Veuillez activer votre compte.,not_darija
يرجى تحديث كلمة المرور الخاصة بك.,not_darija
A verification link has been sent.,not_darija
Le lien de confirmation est invalide.,not_darija
لا يمكن الاتصال بالخادم.,not_darija
Your settings have been reset.,not_darija
Merci pour votre inscription.,not_darija
تم قفل الحساب بسبب محاولات تسجيل الدخول الفاشلة.,not_darija
You must complete all required fields.,not_darija
Ce numéro n'est pas valide.,not_darija
تم إرسال الكود إلى رقم هاتفك.,not_darija
Nous avons détecté une activité suspecte.,not_darija
This browser is not supported.,not_darija
يرجى إدخال بريد إلكتروني صحيح.,not_darija
The requested page was not found.,not_darija
Votre adresse a été mise à jour.,not_darija
تمت إزالة الجهاز من حسابك.,not_darija
Please verify your phone number.,not_darija
Une erreur est survenue lors du traitement.,not_darija
تم إرسال التنبيه إلى المشرف.,not_darija
We have updated our privacy policy.,not_darija
Ce compte a été suspendu temporairement.,not_darija
لا يمكن تنفيذ هذا الطلب حاليًا.,not_darija
You have successfully unsubscribed.,not_darija
Votre profil a été vérifié.,not_darija
تم تغيير البريد الإلكتروني المرتبط بالحساب.,not_darija
The selected file format is not supported.,not_darija
Ce champ ne peut pas être vide.,not_darija
يرجى إدخال تاريخ صحيح.,not_darija
We are unable to process your payment.,not_darija
Les informations de facturation sont manquantes.,not_darija
تم تجاوز الحد اليومي للمحاولات.,not_darija
Please try again later.,not_darija
Votre code postal est incorrect.,not_darija
تم تحميل البيانات بنجاح.,not_darija
An error occurred while connecting to the database.,not_darija
Ce bouton ne fonctionne pas actuellement.,not_darija
يرجى تعبئة النموذج بالكامل.,not_darija
We have detected an unusual login attempt.,not_darija
Vos préférences ont été enregistrées.,not_darija
تم تعطيل الحساب مؤقتًا.,not_darija
Your password must be at least 8 characters.,not_darija
Le lien a expiré.,not_darija
هذا البريد الإلكتروني مستخدم بالفعل.,not_darija
Unable to connect. Please check your network.,not_darija
Ce document nécessite une autorisation.,not_darija
تم تحديث تفضيلات الإشعارات.,not_darija
There are no new notifications.,not_darija
Veuillez saisir une adresse valide.,not_darija
تمت مزامنة الحساب بنجاح.,not_darija
Your email is not verified.,not_darija
Ce formulaire a déjà été soumis.,not_darija
يرجى تفعيل الموقع للوصول الكامل.,not_darija
We need your permission to continue.,not_darija
Les données saisies sont incorrectes.,not_darija
تم إلغاء الطلب بناءً على طلب المستخدم.,not_darija
Your request was submitted successfully.,not_darija
Le fichier est trop volumineux.,not_darija
تم حظر الحساب بسبب نشاط غير معتاد.,not_darija
Vous devez accepter les conditions d'utilisation.,not_darija
تم تسجيل الخروج تلقائيًا.,not_darija
Your message has been received.,not_darija
Le fichier a été téléchargé avec succès.,not_darija
يرجى إدخال رمز التحقق.,not_darija
This section is under maintenance.,not_darija
La session a expiré.,not_darija
تم تفعيل الحساب بنجاح.,not_darija
Your input is invalid.,not_darija
Ce type de fichier n'est pas autorisé.,not_darija
الطلب قيد المعالجة.,not_darija
Your account was created successfully.,not_darija
Le système est actuellement en cours de mise à jour.,not_darija
يرجى المحاولة لاحقًا.,not_darija
The server responded with an error.,not_darija
Vos modifications ont été sauvegardées.,not_darija
تم حجز الموعد بنجاح.,not_darija
Your subscription has been renewed.,not_darija
Le mode de paiement a été mis à jour.,not_darija
يرجى تحميل مستند صالح.,not_darija
You are already registered.,not_darija
Ce champ est obligatoire.,not_darija
تم إرسال النموذج بنجاح.,not_darija
Your application is being reviewed.,not_darija
Le lien de réinitialisation a été envoyé.,not_darija
يرجى مراجعة الشروط والأحكام.,not_darija
This device is already paired.,not_darija
Votre commande a été confirmée.,not_darija
تم تحديث كلمة المرور.,not_darija
Your feedback is appreciated.,not_darija
Ce service est temporairement indisponible.,not_darija
يرجى إدخال اسم المستخدم.,not_darija
You need to log in first.,not_darija
Le nom d'utilisateur est déjà pris.,not_darija
تم تحديث الصفحة تلقائيًا.,not_darija
Your comment was posted.,not_darija
Ce produit n'est plus en stock.,not_darija
يرجى الانتظار قليلاً.,not_darija
You have been logged out.,not_darija
Le code de vérification est invalide.,not_darija
تم إرسال إشعار بالبريد الإلكتروني.,not_darija
Your download will begin shortly.,not_darija
Cette fonctionnalité n'est pas encore disponible.,not_darija
تم قبول الشروط بنجاح.,not_darija
You do not have permission to access this resource.,not_darija
Les champs marqués d’un astérisque sont obligatoires.,not_darija
يرجى تأكيد بريدك الإلكتروني.,not_darija
You’ve reached the maximum number of attempts.,not_darija
Ce compte est déjà actif.,not_darija
تم تفعيل المصادقة الثنائية.,not_darija
Your request cannot be completed at this time.,not_darija
Le formulaire contient des erreurs.,not_darija
تم تحميل الصورة بنجاح.,not_darija
Your file has been deleted.,not_darija
Cette session a été fermée automatiquement.,not_darija
تم إنشاء التذكرة بنجاح.,not_darija
Please contact support for assistance.,not_darija
Votre mot de passe a expiré.,not_darija
تم رفض الوصول إلى المورد المطلوب.,not_darija
You’ve exceeded your storage limit.,not_darija
Ce lien n’est plus valide.,not_darija
Veuillez patienter pendant que nous traitons votre demande.,not_darija
تم تسجيل الدخول بنجاح.,not_darija
Your account settings have been updated.,not_darija
La page demandée est introuvable.,not_darija
يرجى إدخال البيانات المطلوبة بشكل صحيح.,not_darija
You must agree to the privacy policy.,not_darija
Ce champ ne peut pas être vide.,not_darija
تم تغيير البريد الإلكتروني.,not_darija
Please try again later.,not_darija
Vos informations ont été enregistrées.,not_darija
تم استلام الطلب وسنقوم بمراجعته قريبًا.,not_darija
The operation was completed successfully.,not_darija
Ce numéro est déjà utilisé.,not_darija
تم حذف العنصر بنجاح.,not_darija
You do not have any notifications.,not_darija
Les données saisies ne sont pas valides.,not_darija
تم إرسال رابط التحقق إلى بريدك الإلكتروني.,not_darija
Please check your network connection.,not_darija
Votre demande a été envoyée avec succès.,not_darija
تم حفظ الإعدادات الجديدة.,not_darija
You can now log in with your new password.,not_darija
Ce formulaire contient des champs non valides.,not_darija
تم التحقق من الهوية بنجاح.,not_darija
This feature is currently disabled.,not_darija
Votre mot de passe a été modifié.,not_darija
تم إغلاق الجلسة تلقائيًا.,not_darija
Please enter a valid email address.,not_darija
"Le traitement est en cours, veuillez patienter.",not_darija
تمت عملية الدفع بنجاح.,not_darija
You have no new messages.,not_darija
Ce document est requis.,not_darija
تم تحديث بيانات الحساب.,not_darija
You have successfully logged out.,not_darija
Cette page est en cours de maintenance.,not_darija
تم إرسال الرمز إلى هاتفك المحمول.,not_darija
An unexpected error has occurred.,not_darija
Vos paramètres de sécurité ont été mis à jour.,not_darija
تم إنشاء حسابك بنجاح.,not_darija
You don’t have access to this section.,not_darija
Le téléchargement a échoué.,not_darija
تم تسجيل الخروج من جميع الأجهزة.,not_darija
Please confirm your identity.,not_darija
Ce fichier est trop volumineux.,not_darija
تم إرسال التنبيهات بنجاح.,not_darija
You can reset your password here.,not_darija
Votre compte a été temporairement bloqué.,not_darija
تمت إضافة العنصر إلى المفضلة.,not_darija
Your payment method is not valid.,not_darija
Ce lien a expiré.,not_darija
تم الانتهاء من المعالجة.,not_darija
You have reached your daily limit.,not_darija
Les informations fournies sont inexactes.,not_darija
تم إرسال الطلب إلى الإدارة.,not_darija
Your session has been restored.,not_darija
Ce message a été marqué comme lu.,not_darija
تم تغيير إعدادات التنبيه.,not_darija
Your connection is secure.,not_darija
Ce produit nécessite une autorisation spéciale.,not_darija
تم قفل الحساب مؤقتًا لأسباب أمنية.,not_darija
You can view your history in the dashboard.,not_darija
Le mot de passe actuel est incorrect.,not_darija
تم إرسال نسخة من الفاتورة إلى بريدك الإلكتروني.,not_darija
Ce service est momentanément indisponible.,not_darija
يرجى الانتظار بينما يتم تحميل الصفحة.,not_darija
Your verification code is incorrect.,not_darija
Veuillez saisir votre nom complet.,not_darija
تم تأكيد الحجز بنجاح.,not_darija
Please select an option from the list.,not_darija
Ce champ est obligatoire.,not_darija
تم إرسال إشعار إلى هاتفك.,not_darija
You have no saved items.,not_darija
L'opération a échoué. Veuillez réessayer.,not_darija
تم تفعيل الحساب بنجاح.,not_darija
This page requires authentication.,not_darija
Veuillez vérifier vos informations de paiement.,not_darija
تمت المصادقة على الطلب.,not_darija
You must enter a username.,not_darija
Le fichier a été téléchargé avec succès.,not_darija
تم تسجيل الحضور.,not_darija
An internal error occurred. Please contact support.,not_darija
Veuillez mettre à jour votre mot de passe.,not_darija
تم تعطيل هذا الخيار مؤقتًا.,not_darija
Your request is being processed.,not_darija
Ce compte est déjà enregistré.,not_darija
تم إلغاء العملية بناءً على طلب المستخدم.,not_darija
Please update your profile information.,not_darija
Le formulaire a été envoyé avec succès.,not_darija
تم تنفيذ الإجراء المطلوب.,not_darija
You must fill out all required fields.,not_darija
Une erreur est survenue lors du traitement.,not_darija
تم إرسال الملاحظات إلى الفريق المختص.,not_darija
This session has expired.,not_darija
Veuillez patienter pendant la synchronisation.,not_darija
تمت إعادة تعيين كلمة المرور.,not_darija
Please enter a strong password.,not_darija
Ce champ ne peut contenir que des lettres.,not_darija
تم إلغاء التنبيه.,not_darija
You are not authorized to perform this action.,not_darija
Vos informations personnelles ont été mises à jour.,not_darija
تم رفض الطلب لعدم استيفاء الشروط.,not_darija
Make sure your internet connection is stable.,not_darija
Ce bouton permet d'annuler l'opération.,not_darija
تمت الموافقة على الطلب.,not_darija
You’ve successfully subscribed to the newsletter.,not_darija
Le système sera mis à jour ce soir.,not_darija
تم العثور على تطابق في قاعدة البيانات.,not_darija
Please enter your billing information.,not_darija
Ce lien est invalide.,not_darija
تم إرسال كلمة المرور المؤقتة.,not_darija
You must log in to continue.,not_darija
"La session a expiré, veuillez vous reconnecter.",not_darija
تمت عملية المصادقة بنجاح.,not_darija
The operation was not permitted.,not_darija
Veuillez accepter les conditions d'utilisation.,not_darija
تم تحميل البيانات بنجاح.,not_darija
You have reached the maximum number of attempts.,not_darija
Ce champ ne doit pas dépasser 100 caractères.,not_darija
تم تغيير الإعدادات الافتراضية.,not_darija
Access denied. Invalid credentials.,not_darija
Vos préférences ont été sauvegardées.,not_darija
تم إنهاء الجلسة بنجاح.,not_darija
Your profile has been updated.,not_darija
The password you entered is too weak.,not_darija
Veuillez choisir une langue pour continuer.,not_darija
تم تحديث الملف بنجاح.,not_darija
You cannot delete this file.,not_darija
Ce produit n'est plus disponible.,not_darija
تم إرسال رسالة التحقق.,not_darija
Please confirm your email address.,not_darija
La procédure a été terminée correctement.,not_darija
تم حفظ التغييرات.,not_darija
The document must be in PDF format.,not_darija
Ce numéro n'est pas reconnu.,not_darija
يرجى إدخال الرمز الصحيح.,not_darija
All fields are mandatory.,not_darija
Votre demande a été enregistrée.,not_darija
تم إلغاء الاشتراك بنجاح.,not_darija
We’re unable to complete your request.,not_darija
Veuillez saisir un mot de passe valide.,not_darija
تم إرسال الطلب بنجاح.,not_darija
This feature is currently under maintenance.,not_darija
Ce code a déjà été utilisé.,not_darija
تم استلام الطلب.,not_darija
Your credentials have expired.,not_darija
Vous devez accepter la politique de confidentialité.,not_darija
تم تحديد المواعيد الجديدة.,not_darija
Please restart your device.,not_darija
L'accès à cette section est restreint.,not_darija
تمت إزالة العنصر من السلة.,not_darija
The username is already taken.,not_darija
Ce champ ne peut pas être vide.,not_darija
تم الاتصال بالخادم بنجاح.,not_darija
Please try again later.,not_darija
La connexion a échoué.,not_darija
تم العثور على نتائج مطابقة.,not_darija
We’ve updated our terms of service.,not_darija
Votre mot de passe a été réinitialisé.,not_darija
تم تسجيل الخروج.,not_darija
Access to this resource is forbidden.,not_darija
Ce document est confidentiel.,not_darija
تمت مزامنة البيانات.,not_darija
Your account has been locked.,not_darija
Le système ne répond pas pour le moment.,not_darija
يرجى إعادة المحاولة لاحقًا.,not_darija
Check your inbox for confirmation.,not_darija
Les modifications ont été enregistrées.,not_darija
تم تحديث بيانات المستخدم.,not_darija
An unknown error occurred.,not_darija
Vous avez atteint la limite quotidienne.,not_darija
تم حذف الرسالة بنجاح.,not_darija
Enter a valid email address.,not_darija
Ce bouton permet de sauvegarder les données.,not_darija
تم إنشاء الحساب.,not_darija
This field is case-sensitive.,not_darija
Votre session est sur le point d'expirer.,not_darija
تم تعطيل الحساب مؤقتًا.,not_darija
Do not close this window during the process.,not_darija
Les informations saisies sont incorrectes.,not_darija
تم إرسال التذكرة إلى الدعم الفني.,not_darija
Click here to reset your password.,not_darija
Ce service nécessite une connexion Internet.,not_darija
يرجى مراجعة البيانات المدخلة.,not_darija
We couldn’t verify your identity.,not_darija
Votre panier est actuellement vide.,not_darija
تم استعادة البيانات.,not_darija
Something went wrong. Please try again.,not_darija
Le format du fichier n'est pas valide.,not_darija
تم إرسال التنبيه.,not_darija
You have pending notifications.,not_darija
Veuillez saisir une date valide.,not_darija
تم تحديث الإعدادات.,not_darija
Login was successful.,not_darija
Ce compte n'existe pas.,not_darija
تم تحميل الملفات بنجاح.,not_darija
Your changes have been saved.,not_darija
Veuillez entrer un identifiant unique.,not_darija
تم إغلاق النافذة.,not_darija
The session has been invalidated.,not_darija
Ce processus peut prendre quelques minutes.,not_darija
تمت المعالجة بنجاح.,not_darija
Please read and accept the disclaimer.,not_darija
Les champs marqués sont obligatoires.,not_darija
تم حذف الحساب.,not_darija
You’ve been logged out automatically.,not_darija
Ce lien a expiré.,not_darija
تم تنفيذ العملية بنجاح.,not_darija
An error occurred while loading the page.,not_darija
Vos paramètres ont été réinitialisés.,not_darija
تم إعادة المحاولة بنجاح.,not_darija
The account is under review.,not_darija
Ce fichier dépasse la taille autorisée.,not_darija
تمت مراجعة البيانات.,not_darija
Please complete the verification steps.,not_darija
Votre code a été envoyé par SMS.,not_darija
تم تحميل الصور.,not_darija
Your email address has been verified.,not_darija
Veuillez activer les cookies.,not_darija
تم تثبيت التحديث الأخير.,not_darija
This form is currently unavailable.,not_darija
L'inscription a été complétée avec succès.,not_darija
تم تسجيل المستخدم بنجاح.,not_darija
You’ve reached your limit for today.,not_darija
labas 3lik?,darija_latin
wach rak mlih wla la?,darija_latin
rani mcharja bzaaaf,darija_latin
ghedwa ndirou barbekiou,darija_latin
3lach matji ma3ana?,darija_latin
houwa gal biha,darija_latin
chof nta wch dir,darija_latin
nsit wach gltlek,darija_latin
ykoun khir inchallah,darija_latin
"hadi smitha darija, machi 3arbiya",darija_latin
wach rak labas?,darija_latin
hadi hiya lmas2ala!,darija_latin
sma3t chi 7aja 3la Djezzy?,darija_latin
bghit nmchi l plage lyoma,darija_latin
ya kho rani ta3ban,darija_latin
machi kol wa7ed yefham,darija_latin
kifach ndir had l probleme?,darija_latin
rani nstana f taxi,darija_latin
nta daba fin rak?,darija_latin
ma tkhafch rahi bsla,darija_latin
hadchi ma 3jbni ch,darija_latin
9oltlek matdirhach,darija_latin
s7abti jat lyoum,darija_latin
dirna fiesta mbar7,darija_latin
ana f darna daba,darija_latin
khasni nqra chwia,darija_latin
7it rani mdammar,darija_latin
tla3 lia lpressio,darija_latin
golt nji m3ak,darija_latin
malk dayekh haka?,darija_latin
3ayetlouhom o ma raddouch!,darija_latin
chhal kaydkhl l internet f forfait Ooredoo?,darija_latin
djezzy daba 3andha promotion jdida,darija_latin
ma fhemtch kifach ndir configuration 4G,darija_latin
katb9a l connexion t9ta3 wla b slow,darija_latin
ghir ndir recharge kaymchi direct,darija_latin
wach fbalek bih had l'offre dial Mobilis?,darija_latin
khassni lcode dial wifi li f modem,darija_latin
orange kayn 3andhom forfait b 1000da,darija_latin
kaymchi l credit bzzaf fl appels,darija_latin
"connecti b slow daba, chrah lia chwiya",darija_latin
ana m3a djezzy o makanch mouchkil,darija_latin
vodafone kayn fi l kharij b9a ta7t l coverage,darija_latin
3lach ma kayrassilouch sms ta3 confirmation?,darija_latin
ghalou l internet hdouma!,darija_latin
nchouf l'offre o ndir comparaison,darija_latin
dir speedtest o chof l debit,darija_latin
forfait yjib lik 10go f l mois,darija_latin
"connecti b wifi mliha, 4g msr3ach",darija_latin
bghit ndir portabilite l djezzy,darija_latin
ooredoo 3andha meilleure couverture f blasti,darija_latin
kay3tih 1go bonus m3a kol recharge,darija_latin
"rani 3ayet b djezzy, makansma3ch mzyan",darija_latin
kayji sms m3a code verification b tard,darija_latin
khasni na3rf kifach nsift les MMS,darija_latin
mchat lia l solde bla manfhaam kifach,darija_latin
"ma kaynch signal daba, daba rah b zero",darija_latin
bghit ntlansi l internet b chi forfait qlil,darija_latin
mobiles dial Mobilis f magasin wala ghalin,darija_latin
f smartphone dyali 4G ma tsirach mzyan,darija_latin
dirt recharge fl boutique ma tchargatch,darija_latin
ooredoo 3tawni 5go b 1000da li wa3ra,darija_latin
connexion tfsa5at wahda wahda,darija_latin
kayb9aw ychargiw lia des services manbghithomch,darija_latin
"li f Orange, wach kayna 5G daba?",darija_latin
smiyti ma b9atch mli tchargat la sim,darija_latin
f l apli makanch option dial l'offres jdod,darija_latin
djezzy kayb3at l sms b b tard bzaf,darija_latin
rani n3ayet w tsdd liya daba daba,darija_latin
mat9awnach l net f l 3roub,darija_latin
"s7abti 3ndha problème m3a djezzy, galat lia kaytsddo 3liha les appels même f wa9t l 3ajla, w daba katsawal wach katsara7 chi solution oula la",darija_latin
"l connexion ta3 ooredoo f had l quartier ma3ndhach stabilité, nhar tji b sur3a zwina w nhar akhor ma katmchi ta l WhatsApp, hadi ma b9atch kayna",darija_latin
"mchat lia l recharge li diriha mn l app, walakin ma zadhach lia l solde, 3awdthom tcontacti l service client w galoli sabri ghir 24h",darija_latin
"téléphone dyali kayb9a ydir erreur f sim dyal mobilis, rah deja jarrabt sim akhra w khdemat normal, daba kansawal wach l sim khsatha remplacement",darija_latin
"dernièrement bdit n7ess b li le forfait kaykhlas bzzaf 3la walou, daba kay9tahmouna bi les SMS mli ndir l recharge ou mli nst3ml internet",darija_latin
"rani 3andi chi su2al, 3lach ooredoo katdir chi bonus ma fhamtch kifach ykhdem? drt recharge b 200da w ghalt lia b 500da data bonus",darija_latin
"kayji l message dyal SFR f portable dyali w ana ma3ndich sim dyalhom, chof wach momkin yakoun chi erreur f l réseau wla l hardware",darija_latin
"ghadi nkoun wa3ra ila kan chi offre li katmchi fiha whatsapp illimité b chi prix ma tssawkch, 7it daba lforfaits ghalin bzaf",darija_latin
"galou lia b li Vodafone f Fransa kay3ti internet illimité f forfait dial 25 euro, wach kayn chi 7aja b7al haka f Mobilis wala djezzy?",darija_latin
"dirt l recharge fl bureau tabac, walakin sms confirmation ma jaach lia daba, tsnint 15 min ou ma kayn walou, tsift sms *611# ma khdmach",darija_latin
"mlli n3ayet l service client dyal mobilis, kay3tiwk chi voix automatique katsawal b darija, walakin ma kanfhamch les choix li kay9dmo",darija_latin
"machi kol wahed y3rf ydir parametrage dyal 4G, daba khasskom tdiru vidéos f darija katsftou f YouTube bach n3rfou kifach nparametriw",darija_latin
"kanhdem b l SIM ooredoo fi modem, walakin daba kay9t3a connexion kol 15 min, khassni n3rf wach problème f sim wla modem",darija_latin
"kont f l plage f Jijel w l reseau djezzy makanssalach du tout, ma3ndhomch couverture hna, li fiha khsskom tdiru mise à jour l réseau",darija_latin
"3rafti chi wahed s3i9, 3ando deux cartes SIM, wa7da dyal Mobilis w wa7da dyal Orange France, kay3raf kifach ykhdem bihom f même temps",darija_latin
"khdemt l app dyal djezzy bash nkhdem l offre, walakin ma chargatch lia data li wa3din biha, daba kanbghik tchoufou chi solution",darija_latin
wach kayn chi offre f Mobilis li katmchi 3la Facebook w TikTok b limit kbira? 7it daba kay9t3a lia l net b sr3a,darija_latin
"sms li katsiftou f offres djezzy ma fhamtch chno katsd wla kifach naktifha, khassna mouchkil dial communication m3a clients",darija_latin
"f ooredoo kan jarrab 3la chi offre, mli nkhdemha katsala lia data b zzrb, walakin makayanch suivi f l app",darija_latin
"kont bghit ndir portabilité mn mobilis l djezzy walakin galoli khasni nstanna 3 jours bach ttsra7, daba t2akhd chwia bzaf",darija_latin
daba wach kayn chi offre f djezzy li katsiftou f Facebook li fyiha WhatsApp ou TikTok illimité b chi prix ma tssawkch?,darija_latin
"ana kont nsift SMS 700 bach nkhdem offre, walakin l offre ma tactivatedch, ghir tls9 lia solde ou jani message gharib",darija_latin
chno l meilleure opérateur li kay3ti couverture mzyana f bled kbira bhal Laghouat? 3lach kolchi kaytkhdem ghir f tlemcen?,darija_latin
"ooredoo 3ndhom chi offres zwina f la pub, walakin mli tdir recharge kat9la mliha ma fihach bonus, hado marketing tricks",darija_latin
"ghadi nkhdem recharge mn barid mob, b7al drt 200da, w f site katban 150da bonus, walakin mli tcharga ma tl9itch bonus",darija_latin
"mlli tsift SMS 530 li kaygol 3la forfait youtub, kayrd lia 'code invalide', hadchi kayb9a ytwrrak",darija_latin
"galou liya chi jma3a f dzair li kaydiru hack 3la forfait dyal l internet, b7al kayfokouha b ssh tunneling, hadi chwiya khatira",darija_latin
"fi 3z l7aja l net kat9ta3 lia, walakin khdam b ooredoo, darori ndir portable mode avion w n3awd nconnecti",darija_latin
"wach 3ndkom chi idée kifach n9iss la consommation dyal data f app djezzy? ghir kayban solde, ma kayban walo f detail",darija_latin
"kont m3a s7abi w fihom li kaydir Orange France f portable, daba l net dyalhom makay9ta3ch, kaygolo bi kayna technologie f l sim",darija_latin
"chi wahed gal lia l reseau f mobilis kaydkhl chi marat m3a SFR mli tkoun b zone frontalière, hadi tkhallat lia l ttarjama",darija_latin
"bghit nkhdem offre li katmchi f 4G++ walakin portable dyali katb9a 3la H+, wach mas2oula l SIM wla l appareil?",darija_latin
"tkhllit f paiement dyal la recharge online, ghalt lia l carte bancaire w daba kayt7sb lia l recharge oula la?",darija_latin
"kont bghit nkhdem 100go m3a djezzy f modem, walakin wach hiya l même qualité dial net b7al fi portable?",darija_latin
"galou f mobilis b li kay3tiw forfait spécial li kaymchi m3a étudiants, fih 10go b prix khfif, wach hado mazal kaynin?",darija_latin
"rani 3andi chi mouchkil m3a notifications dyal djezzy app, katsift sms random b kelmat b7al 'deal' ou 'pack', mafhamtch kifach",darija_latin
"kont f oran w jarrabt ooredoo, b9it mabsout mn vitesse dyal l 4G, b7al ma fhadit liya video f YouTube b chi 5s",darija_latin
"wach l couverture dyal mobilis mzyana f sahara? bghit nkhdem modem l mon projet d'étude fi Béchar, 7it l satellite ghali",darija_latin
"bghit nkhdem forfait dyal 20go, walakin bghit data matsallich fl streaming, katsala lia ghafla",darija_latin
"katji lia notification mn djezzy kaygolo 'bonus khalass 10da', mafhamtch wach hiya recharge ola ma7bossa",darija_latin
wach kayn chi offre fi Orange li katsift SMS mn DZ l frança b chi prix mzyan? 7it daba rakba,darija_latin
"katb9a liaison wifi kaydkhl w ykhrj f modem dyali b ooredoo, khasni n3rf mnin ja l problème",darija_latin
"service client dyal mobilis, b9it n3ayet lihoum 3la 888 walakin chi wahed ta l9a chi robot, khass tdir '1', '2', ma9dirtch nmchi f l menu",darija_latin
"f Ramadan kanb9a nst3ml whatsapp ktar, wach kayn chi offre dyal whatsapp illimité ghira f had l mois?",darija_latin
"chkon 3andhom meilleur offre dial combo: appels, SMS, w internet? djezzy ola mobilis ola ooredoo?",darija_latin
"3labali b li y9dr tkoun des offres b 10da katsiftou b code 303, walakin ghir chi nhar kayn chi nhar la",darija_latin
"fi test dyal speedtest, djezzy kan yb9a m3a ping 120ms, ooredoo katji f 60ms, wach hadi wa9i3 ola ghir zone dyali?",darija_latin
darori mn activation dyal l carte sim mn point service? wala ykfi dirha fi portable b code dial *123#?,darija_latin
"khasna l transparence f l offres, b7al tgol 30go, walakin daba katsala mnin t3ayet f WhatsApp, wa9ila kayhssbhouha data",darija_latin
"kont bghit ndir test f les 3 opérateurs bach nchoof fina hiya l meilleure f couverture, w ndir video yt f darija",darija_latin
"kont kanb9a f app djezzy wach 3ndkom chi tariqa ndir deactivate l offers li kattsarf solo mn solde, 7it 3tani offer li mabghitch",darija_latin
"ach men wahed f mobilis gal liya rah 3andhom modem spécial li fihi forfait illimité b sah kanb9a twil 3la streaming, hadi 3ziza",darija_latin
"bghit nsawal wach kayn chi offre fi Orange DZ li katkhdem m3a roaming f lmaghrib, 7it ana gha nmsi chi nhar",darija_latin
"ooredoo daba katsifet message marketing barcha b slogans li kaygolo 'offre men l9alb' ou '3ayechha', bhal pub télé",darija_latin
"fi l7aqiqa kaynin lkhadamat li khas ykoun f app, bhal t9addir tchouf combien 3andek data msta3mla b jours",darija_latin
"kont nst3ml internet mn djezzy modem f project dyali, l upload b slow bzzaf, l video call katsdd, bghit nfassar m3ahoum",darija_latin
"l7a9a chno m3naha 'You consumed 75% of your bonus data', wach hadi data lkol wla ghir dial TikTok?",darija_latin
"katsir lia wahed chi f mobilis li kaygolo SIM dyalk makhdamach b 4G max, khas tbdlha mn agence",darija_latin
"l9it wahed l'offre fi Facebook li kaygolo 20go b 100da, walakin mli tsifto code kayrddok l page ma fihach l'offre",darija_latin
"kaynin chi wlad f l ghorba li kayjibo sim Orange mn l Fransa, y9olo f l début kaykhdmo m3a réseau national f DZ",darija_latin
"f l7aqiqa kaynin lfar9 bin les apps dyal ooredoo w djezzy, f l user interface b7al djezzy 9dim bzzaf",darija_latin
"kont m3a s7abi kaygol lia wach 3andek esim? f mobilis la daba, wach nta3 djezzy kayfakrou fha?",darija_latin
"kayb9a lcode dial l'offre ma kaykhddamch fi certains téléphones, b7al *720#, kayrd liya erreur m3a Huawei",darija_latin
"dazt wahed l9adiya f recharge mn space kart, drt 500da w tal3at lia 400da, fin mchit dik 100da?",darija_latin
"f l coverage test li dirto f annaba, djezzy daba kan 3andhom meilleur débit l matin, walakin l3chia kaywlli slow",darija_latin
"bghit ns2l wach ooredoo 3andha SIM card nta3 machine IoT? li f camera surveillance, 7it lmobiles bghit nkhdem bihom",darija_latin
"kont nconnecta b ooredoo 3la lpc m3a wifi modem dial portable, daba mlli tdkhl YouTube kayssayf download 144p",darija_latin
"wach kayn chi application nta3 djezzy lite li khas ghir l recharge w l solde, b7al ghadi fi app mini",darija_latin
"darori ydiru alert 3la l forfaits mli tqrab data tlsali, rah kayb9a f users m3l9in mli tdkhl f extra charge",darija_latin
"bghit n3rf l real usage nta3 'unlimited YouTube', wach fih fair usage policy wla 3la l7a9a 24/24?",darija_latin
"wach l 4G LTE advanced li kaygolouha b ooredoo katkhdem ghir f capital, wla mz3ouma f dzaier kamla?",darija_latin
"bghit nkhdem carte SIM spéciale fi tablette, walakin jab lia téléphon error dyal 'non provisionné SIM', chno sol",darija_latin
"kat9dar tsift code *530# fi djezzy b chi hora spécifique li fih ghir t9dr tchargi 1go b 10da, hadchi ta9dir",darija_latin
"kont f tizi ouzou mli jarrabt modem f chi 7oma kaytkhrrej mn reseau, b9it ghir 2G m3a djezzy",darija_latin
"kayn wahed chi trick f net li kaygolo 3la DNS change kat9ddr tzid vitesse, chno opinion dyalk f hadchi?",darija_latin
"l offre dyal 3 hours b 20da nta3 ooredoo mzyana ghir f nhar, mlli tl ss3a dial l3chia katsla",darija_latin
"mli katsift code nta3 internet daily f mobilis, kayji msg kaygolo 'offer will be activated soon' w katsna l sa3a",darija_latin
"bghit lmodem li ykhdem b 4G+ w ykoun ychargi 300mbps, wach kayn f dz wahed khfif b prix raisonnable?",darija_latin
"t9dr tchargi application nta3 djezzy b apk mn site direct, hit f Google Play la version khdima",darija_latin
"daba fin9adro nshofu detail dyal consommation mzyan b zmen, b7al katchouf graphique dyal usage mn matin l3chiya",darija_latin
"chft f pub dyal djezzy kaygolo offre 10go b 99da, walakin mlli drtha mn app katjiya ghir 7go, chno lmochkila?",darija_latin
wach kayn chi code nta3 l recharge express f mobilis li ychargi goyat direct bla matdkhl l app?,darija_latin
"kont fi tlemcen m3a modem djezzy, daba l signal b3id 3la l routeur w kay9ta3 kulla wa9t",darija_latin
"dirt recharge ooredoo b 200da w ma tactivatchi l offer nta3 TikTok, b9it tsna response mn support",darija_latin
khas l app nta3 mobilis tzid notifications li kaywarnik bla tslach l net dialek b chi 5%,darija_latin
"kan3ani m3a coverage f l9arya nta3na, mlli nconnecta katsir lia 2G f modem ooredoo",darija_latin
"fin nqdr nbadl SIM dyali nta3 djezzy l eSIM, wach f agence oula f app?",darija_latin
"kaynin bzaf nta3 offres li katban ghir f app, matbanx f l site web nta3 djezzy, 3lach had discrepancy?",darija_latin
"dir l activation nta3 l offer katsir 3liya time out, b9it t3awd l code f l app, mlli tsift sms katsir failed",darija_latin
wach kayna chi SIM nta3 mobilis 4G 3ndha plan b stable upload? khasni l streaming nta3 Twitch,darija_latin
"t9dr tdir recharge l portable nta3k mn l app nta3 banque b code QR, hadi feature jdida",darija_latin
"kayji lia message men ooredoo 'win back offer', mlli ndkhl code katsir expired, chno l7al?",darija_latin
"kont n3ayet l support nta3 djezzy katsir lia l attente 20 min, chno kaykhdmo hado?",darija_latin
"bghit l carte SIM li kat9bel roaming direct f maroc, wach kayn 3la mobilis?",darija_latin
"kont f l plage b oran w l reseau ooredoo mcha, htta call mat9drch tdir, fin coverage nta3houm?",darija_latin
wach m3a modem nta3 djezzy t9dr tbadl APN bach tboosti l download?,darija_latin
kaynin chabab f forum li kaydir test nta3 l ping f Fortnite 3la 3 SIMs w djezzy kan fiha ping l9al,darija_latin
"f l app nta3 mobilis katkhdem recharge b camera mn recharge card, 3tini error f scanner",darija_latin
"wach l forfait student li kaygolouha kayna f mobilis, fin n9der ndir registration dyali?",darija_latin
"kont f l tram m3aya SIM ooredoo b 5go, katsir slow loading b stories nta3 Insta",darija_latin
wach t9dr tsift SMS mn app djezzy l chi num special bach dir block l marketing messages?,darija_latin
"kaynin moments f nhar li fih l réseau katsir qwi, bghit site li ybayan peak nta3 congestion",darija_latin
"kont kayn f ghardaia f hotel, l wifi kayt9ta3 w drt hotspot mn SIM djezzy, 3awdna l meeting bih",darija_latin
"kayji notification 'forfait ysalit f 1h', mlli tchargi offer jdida katsir overlap oula katsla lwa9t l9dim?",darija_latin
bghit t9ddar t7dded app nta3 TikTok bash hiya li tst3ml ghir data nta3 offer w maykonsh chi app okhra,darija_latin
"katji l page nta3 offer b loading slow f app mobilis, katsanna 1 min bash tban l details",darija_latin
"l offre li katsir f sms 'valid until 00h00', wach hadi chi ghalta wla f l9anoun katsla f 23:59?",darija_latin
"kont kayn f tbessa f ghorfa nta3 ecole, katsir ma kayanch 3la coverage nta3 mobilis",darija_latin
l app djezzy khasha mode offline bach tchouf solde mn chi data chb3an,darija_latin
"bghit tsift l balance nta3 data b sms 777, katsir ghir l message kayji bla details nta3 YouTube vs normal",darija_latin
wach l'offre nta3 100da dyal mobilis kat3tik 20go kolchi national wala kayn chi condition?,darija_latin
"ooredoo katsiftli message 't9additk l’offre bonus', walakin ma tactivatchi mlli drt code",darija_latin
"kont nchargi l'app djezzy mn play store, kayban update jdida f design w zado dark mode",darija_latin
"bghit t9dr dir sharing nta3 data m3a SIM okhra li f nafs lcompte, kayn hadchi?",darija_latin
"katji sms mn mobilis kol nhar b marketing wla chi offer jdida, kifech nsd l sms hadouk?",darija_latin
wach kayn forfait TikTok + YouTube f offre jdida nta3 mobilis li katji b 150da?,darija_latin
"mlli katdir call via app WhatsApp 3la réseau djezzy, l voice quality katsir meziana, 7sen men ooredoo",darija_latin
"kat9ra f faq nta3 l site ooredoo ma kaynach details 3la roaming f Europe, bghitha f PDF",darija_latin
3lash kayt9ta3 l net mlli ndir hotspot mn l portable w nconnecti PC f modem djezzy?,darija_latin
wach l carte recharge nta3 mobilis li b 500da kat9blha app bank nta3 cpa?,darija_latin
"bghit ndir forfait b 25go + 200da f appels, wach kayn f djezzy chi formule hakda?",darija_latin
"drt download nta3 film 2go f 20min m3a SIM djezzy, b9it mstaghreb mn l speed",darija_latin
wach modem lte li f mobilis t9dr tdir lih firmware update mn app nta3hom?,darija_latin
"kont f batna kayna boutique djezzy jdida kay9duha mzyan, khdma zwina w l service rapide",darija_latin
"bghit ndir migration mn ooredoo l djezzy, kayn chi frais oula free?",darija_latin
kat3ayet l support nta3 mobilis kayjib lik automatic voice ma kaywasslkch b insan,darija_latin
wach SIM djezzy m3a 4G LTE t9dr ndir bih stream 1080p fl mobile?,darija_latin
kont fl app nta3 djezzy bghit ndir forfait mais l interface jdida matfhamhach,darija_latin
"drt comparison bin l ping f jeux PUBG, djezzy kan l ping qwi f matin mais 3chiya katsir lag",darija_latin
"bghit nchargi modem ooredoo li 5go b 100da, fin n9dr ndirha cash?",darija_latin
"kayji lia code recharge ghalat 3la SMS, walakin ndkhlto mzian f app djezzy",darija_latin
wach l recharge card nta3 mobilis t9dr tsift mn Canada l dz?,darija_latin
"bghit ndir forfait nta3 30da li kat3tik 1go f nhar, fin lcode nta3ha?",darija_latin
"kont 3la reseau ooredoo f 4G w l signal f plein, walakin mat9drch tsift sms",darija_latin
"bghit ndir offer TikTok 10go o Netflix 10go f nafs sim, wach kayn combine f djezzy?",darija_latin
"drt achat nta3 SIM djezzy jdida mn agence, f 10 min kanat active m3a net",darija_latin
wach modem mobilis kaykhdem m3a routeur extern bach n9wi l wifi?,darija_latin
"katji m3aya chi msg b fr 'votre forfait sera expiré' mlli hiya SIM darija, ghir arabia?",darija_latin
3lach ndir recharge b 100da w ma tactivatchi l net hadi nhar kaml?,darija_latin
wach t9dr ndir portabilité mn mobilis l ooredoo bla matbdl numero?,darija_latin
"rani dayr forfait djezzy, walakin daba matbanlich les données f interface",darija_latin
wach ma kaynach promo nta3 TikTok li kaydouz f 0.5go b7al hadak nta3 ooredoo?,darija_latin
"dir lupdate nta3 app mobilis w t9awd l login, ghir bdelt le design",darija_latin
"kont f la plage w daba l réseau nta3 djezzy 3ayen bzzaf, ma kaytla3ch signal",darija_latin
"n3ayet l support ooredoo w kay9ollo lia 'dir reset l settings', daba mashi 3la wifi!",darija_latin
"katji lia les appels mn numero mobilis ghir w y9ta3, fhamtch wach menni wla menhom",darija_latin
bghit n7ayed l option automatique nta3 forfait lmat9awnich bih,darija_latin
wach t9dr ndir recharge automatique f SIM djezzy b visa card nta3 BDL?,darija_latin
"nsit code nta3 *505# nta3 mobilis, wach kayn code jdid nta3 recharge?",darija_latin
"jربت أداة djezzy net t9dar tkhdem f zone rurale, signal 3ayen 3andna",darija_latin
ooredoo t3awnch mlli goltlhom rani ndir live fl insta w l signal mashi stable,darija_latin
katban lia notif nta3 'forfait terminé' walakin daba rakb f ooredoo start 500da,darija_latin
dirt recharge b 200da f mobilis w bda ikhli men solde ghir 3la les services masmou3in,darija_latin
"kont n5dm streaming 3la YouTube w signal mli7 f SIM djezzy, b9it 3ajib",darija_latin
"djezzy bda ydir app nta3 speedtest f interface, daba t9dar tchouf ping w speed",darija_latin
"ndkhl l app djezzy w kayban message 'maintenance temporaire', daba ma t9drch tchargi",darija_latin
ooredoo kay9dr ychargik men solde b cause nta3 push sms mlli mat9rahch,darija_latin
"kont nchargi tiktok, ooredoo kaydir block l videos li f HD",darija_latin
wach modem mobilis ykhdem f USB port nta3 PC ghir b configuration nta3 APN?,darija_latin
chouf nta wch ndir forfait djezzy start 300da oula ndir classic 25go?,darija_latin
"kanb9a f zone nta3 djezzy mlli tji chi l3asba, kayti7 signal totalement",darija_latin
"ooredoo siffat lia msg b code 3nd expiry nta3 l'offre b 1 min, b9it msta3jeb",darija_latin
"dir l option streaming free m3a djezzy, daba YouTube ytla3 b 0 solde",darija_latin
"forfait b 1go mlli tkon ma3a Netflix maykafich chi film, khasak au moins 5go",darija_latin
"golt ndir portabilité, djezzy talbou lia l carte d’identité w l facture nta3 3 mois",darija_latin
tchargit app ooredoo w tji liaison nta3 sold li f carte ATM b direct,darija_latin
"kont bghit recharge ooredoo mn rakuten wallet, kay9balha ghir mn web version",darija_latin
"kayji lia message 'vous avez souscrit à un service', rani madirt walou!",darija_latin
"SIM djezzy n9s l signal f chambre, khasna booster wifi wala modem lte",darija_latin
"dirt recharge f djezzy b 100da, bda kaykhdem forfait 3la tiktok bla ma n3ref",darija_latin
"rani mgharba f mobile internet nta3 mobilis, signal yti7 kol 5 min",darija_latin
"nsit password nta3 app ooredoo, wach kayn reset 3la sms?",darija_latin
"djezzy kayb3t l'offre f notifications, b7al y9ol t9dr tchargi bsolde 0",darija_latin
mli ndir appel kayb9a ydir son walakin ma y9blch chi wahed,darija_latin
"dirt abonnement livebox, daba l technicien mobilis ma jalich",darija_latin
"ooredoo kayb3tli SMS li fih lien ma kaykhdemch, bghit nchargi menha",darija_latin
"SIM djezzy 4g f téléphone b9at stuck f E, ma b9ach f vitesse",darija_latin
wach kayn forfait b 10go juste f ooredoo ou kayn f djezzy aussi?,darija_latin
"forfait start nta3 djezzy kaydir mouchkil, kayfini bzzaf w ma katchoufch vidéo",darija_latin
"kont f tamantit w b9it mlih m3a mobilis, signal stable w recharge 9riba",darija_latin
"rani dayr portabilité mn mobilis l djezzy, y9oliya 'numéro invalide'",darija_latin
"tchargit app djezzy lite, hiya sra3 mn l9dima w t9dri tsayb recharge f 3 seconds",darija_latin
"katji lia msg nta3 forfait f 5h sba7, yqawd lia solde bla ma n7ess",darija_latin
"dirt scan nta3 qr code b djezzy app bash ndi recharge, ma tfassarch l code",darija_latin
kont nsawer video b 4G djezzy w bda l ping ytl3 f insta live,darija_latin
wach modem nta3 ooredoo ykhdem b carte nano SIM?,darija_latin
"kaydirou offres nta3 internet juste f l'app, li ma3andouch ma ychargich",darija_latin
sahbi gal lia forfait mobilis b9a lih 1go w bda yconsomi mn solde,darija_latin
"nt9awd l option tiktok unlimited f djezzy, bda tchargi mn solde normal",darija_latin
"app ooredoo bda t3tini erreur mlli n3ayet menha, khas update",darija_latin
"kayji msg f français 'votre crédit est insuffisant', daba f darija chhal hdra?",darija_latin
"chargit solde b carte edahabia, f ooredoo app b9at tloadi w ma tjawbtch",darija_latin
"mli nkhdem hotspot b djezzy f pc, kayti7 l signal direct",darija_latin
"7abbat tsayb abonnement mobilis f boutique, talbou lia l carte chrifa",darija_latin
"forfait 200da nta3 djezzy kaydir double giga parfois, walakin ghir promo",darija_latin
"connectit l'app nta3 djezzy men wifi public, t9awd lia les infos nta3 SIM",darija_latin
wach kayn forfait juste li kaykhdem f apps nta3 social media?,darija_latin
"mli tkhdem recharge mn ATM ooredoo kayjiya slip, b9it msta3jba",darija_latin
kayji msg b code de confirmation men mobilis walakin ma 3raftch 3la ach,darija_latin
"t9awd lia 4g nta3 mobilis men 12h, daba ma b9atch tkhddem",darija_latin
"khdemt forfait b ooredoo, bda kaykhdem maziane w daba signal ma kaynch",darija_latin
"golt ndir portabilité l djezzy, daba kaytalbou wa9t twil",darija_latin
rani f wehran w signal djezzy z3if bzaaf,darija_latin
kont f rando w daba ma3andich network nta3 mobilis,darija_latin
kayjiya offer b sms walakin malkich f app nta3 djezzy,darija_latin
chof lia forfait b internet seulement f ooredoo,darija_latin
bghit ndir recharge online b carte ccp f mobilis,darija_latin
"dirt recharge 200da b djezzy, kayb9a ydir erreur",darija_latin
"app mobilis hya l3ayba, katcrashi kol mara",darija_latin
"9rit f pub ooredoo li b9a fsolde tkhdem bih bonus, bda ykhdem mn solde",darija_latin
mchat lia 10da mn solde bla ma n3ayet,darija_latin
"kont ghadi nkhdem forfait 100da, t9awd lia forfait 500da!",darija_latin
wach kayn wifi 4G nta3 djezzy b sim khassa?,darija_latin
"bghit service client djezzy yjawbni f messagerie, ma kaytjawbouch",darija_latin
"kont bghit tchargi ooredoo b app, walakin l carte mabghatch tpassi",darija_latin
rani bghit n3awd tinstalli l'app mobilis b9at tcrashi,darija_latin
"kayji notification b7al kaybghiw ykhdmo 3la solde, walakin bghit just internet",darija_latin
signal f l3in defla m3 djezzy 3ar w kayti7,darija_latin
"9olt ndir recharge f poste, l operation tlabat 15 min",darija_latin
"bghit forfait li kaykhdem chiwaya f YouTube, Snapchat w WhatsApp",darija_latin
"tchargit vidéo f TikTok, ma sbbatch w finish lia solde",darija_latin
signal kayb9a f R ou bien E f 4g djezzy,darija_latin
"app djezzy tatdir logout b7alchi, kol mara khas dir code",darija_latin
"nsit code nta3 rechargement, kayn chi tariqa bash nrja3o?",darija_latin
"sift SMS l 720 bash nkhdem forfait, ma jat hata réponse",darija_latin
tchargit l'offre walakin bda ykhdem men solde 3adi,darija_latin
"khdemt l'offre li f pub, bda kaykhdem fiha limite 9dima",darija_latin
mchat lia l giga bzzaf bla ma nchargi bzaf vidéo,darija_latin
"kayjiya sms mn djezzy kol nhar, bghit nwli ma yb3tch",darija_latin
"n9raw mn dar b 4g, kayti7 net mid class nta3 mobilis",darija_latin
"bghit nst3ml whatsapp call, walakin signal weak b djezzy",darija_latin
"signal f ouled fayet ma kaynch, ooredoo fham chwiya",darija_latin
"khdemt forfait b ooredoo, signal yb9a stable w marra yti7",darija_latin
"dirt recharge bya l'app mobilis, walakin l solde mabanchch",darija_latin
"li bghit ndirou houwa forfait streaming, kayn chi 7al?",darija_latin
3ndkom chi promo nta3 appels l Europe f djezzy?,darija_latin
khdemt tik tok offer b djezzy walakin ma sbbatch video,darija_latin
l'app djezzy ma bqatich kat9awd les bonus b tariqa mliha,darija_latin
"rani f blassa b signal 0, bghit l service yjawbni",darija_latin
katcharji forfait 100da walakin ma kayban 3andhom f système,darija_latin
"sms jayni b anglais f ooredoo, ma fhemt walou",darija_latin
rani dayr mode avion o mchat lia connexion,darija_latin
dirt réinitialisation l settings w signal ma rj3ch,darija_latin
"kayjiya promo djezzy kol nhar 3la whatsapp, mli bghit nchargi ma tkhddemch",darija_latin
"kont bghit n3ayet mn sim ooredoo, kaygouli ma kaynach solde w ana 3andi",darija_latin
"katcharji mn darija poste, walakin kay9awdli transfert echoué",darija_latin
"bghit n9awd numro li kaybda b 07 f mobilis, ma qblouch",darija_latin
dirti transfert l flouss mn djezzy wallet w mabanch f solde,darija_latin
"bghit n3awd tchargi app djezzy f android, google play katgol incompatible",darija_latin
wach l service client djezzy kaykhdem fin semaine?,darija_latin
signal f biskra b djezzy 3ar w f ooredoo maziane,darija_latin
m3andich internet f sim mobilis b3da tchargit 100da,darija_latin
"bghit ykoun forfait li fih sms, appels w internet b nafs lwa9t",darija_latin
dirt forfait snapchat w l video kay9ta3 kol chwiya,darija_latin
wach 3andhom service kifach n7ssab ch7al b9a lia f l'offre?,darija_latin
kaynin chi apps nta3 djezzy ghira li f play store?,darija_latin
bghit nchargi l'offre li kat3ti 10Go b 300da f mobilis,darija_latin
kayjiya message kol nhar f l 3chiya mn djezzy promo jdida,darija_latin
signal nta3 mobilis yb9a R f win nji,darija_latin
"dirt sim djezzy f router, kayb9a signal low",darija_latin
"golt ndir forfait youtube f ooredoo, l3ib lia b solde",darija_latin
l'offre nta3 ooredoo 1Go f nhar hiya li 3andha chi m9an,darija_latin
kont bghit nsift files b whatsapp w signal ma s7abch,darija_latin
signal nta3 mobilis khir men djezzy f blasti,darija_latin
"golt ndir speed test, kayban 0.5mbps w hya 4g",darija_latin
"bghit tchargi m3 mobilis, katsali recharge bzzaf",darija_latin
signal nta3 djezzy yti7 m3a 3chiya,darija_latin
dirti tactivation l sim jdida walakin ma tkhdemch daba,darija_latin
kayjiya code m3atla f sms nta3 validation,darija_latin
ma fhmtch kifach signal f téléphone maziane w f PC b3if,darija_latin
kont f taxi w kayjiya call w ma s7abch daba,darija_latin
service client ooredoo mab9ach kayrj3 l'appels,darija_latin
signal f bladi yti7 kif l electricity,darija_latin
bghit nrj3 recharge li 9lt biha ghalta,darija_latin
"l'offre nta3 djezzy wliyt manfhamch, kol nhar chi jdida",darija_latin
"kont nb9a f mobilis, walakin service client b slow",darija_latin
bghit recharge b code mais kaygouli déjà utilisé,darija_latin
tchargit forfait f djezzy wallet walakin ma tactivatch,darija_latin
kayji notification promo 20Go walakin ma kaynch f app,darija_latin
sahbi chra sim djezzy walakin ma bghatch tsajel f réseau,darija_latin
"l'application nta3 mobilis 3amra bugs, ma t7ellch",darija_latin
"chaft promo f instagram 3la ooredoo, walakin f app ma kaynach",darija_latin
"kol nhar kayjiya SMS mn 5005, 3iyt menhom",darija_latin
"dirti l'offre Facebook b 50da, walakin ma kaykhdemch l video",darija_latin
"kont nbghi n3ayet l service client djezzy, b9it tstana 20 min",darija_latin
signal nta3 mobilis hna f la campagne ma kaynch,darija_latin
"tchargit code recharge, kayban invalid o jarrabt 3 marat",darija_latin
wach kayn forfait spécial 3la TikTok f mobilis?,darija_latin
"dirna partage d’internet mn sim ooredoo, mchat lia 5Go fl 1h",darija_latin
"golti 4G, walakin ma kay9ra ch YouTube b wayhdi",darija_latin
sim nta3 mobilis kayjiya blocked ba3d redémarrage,darija_latin
"bghit ndir portability mn djezzy l mobilis, kifach ndir?",darija_latin
"dirti scan code b app ooredoo, walakin kaytla3 erreur",darija_latin
"ghadi nsayb compte f djezzy wallet, kaygol nom invalide",darija_latin
"signal yti7 ki ndkhol l garage, kifach ndir n9awih?",darija_latin
service client kayjawbni b voix robotique f chaque appel,darija_latin
"dirti offre Netflix f mobilis, walakin b9a t9ta3",darija_latin
kont f centre ooredoo w ch7al d temps kaytla3 f attenda,darija_latin
3raft b li kayn offre 30Go f 1000da w makaynch f app,darija_latin
wach kayna offre juste l'appels f djezzy?,darija_latin
service after sale nta3 sim rah b slow bzaf,darija_latin
l’app kay9oli sim unsupported m3a télé Android,darija_latin
kayji SMS mn djezzy li fih erreur f lien,darija_latin
"bghit ndir recharge automatique, kay9t3 mn lcompte bla alert",darija_latin
"kayji SMS 3la forfait b 100da, walakin kaytkhlas 120da",darija_latin
application djezzy hya li katmchi ghir b vpn parfois,darija_latin
golt ndir configuration Internet w ma b9ach signal,darija_latin
"tchargit recharge mn poste pay, makanch f solde djezzy",darija_latin
"golti 5Go f 7 jours, b9a 2 jours o ma b9ach data",darija_latin
"chofna erreur f appel f sim mobilis, mab9ach ytsanna",darija_latin
"bghit nbadal sim ooredoo li da3 lia, wach ndir la déclaration?",darija_latin
3andhom l'offre 1Go fl nhar f promo spécial Ramadan?,darija_latin
signal kayb9a fluctue kif l météo,darija_latin
connection ma t9drch tsafer biha l Zoom call,darija_latin
"ghadi nchargi mn l’application mobilis, b9it stuck f payment",darija_latin
sma3t chi wahed kaybi3 l code recharge djezzy b solde moins cher,darija_latin
dirna groupe 3la WhatsApp y complainiw f mobilis,darija_latin
"tchargit 200da, walakin solde b9a howa howa",darija_latin
ma3raftch kifach nsupprimiw l anciens offers f l’app,darija_latin
labas 3lik kho?,darija_latin
wach rak mlih oula la?,darija_latin
rani mchta9lek bzaaf,darija_latin
sahha ftourkoum les amis,darija_latin
rani 3ayan bzf had nhar,darija_latin
dir like w partage frero,darija_latin
3lach ma radditsh 3la message nta3i?,darija_latin
ana hna f bladi w nta?,darija_latin
rani nkrah had ljaw sa5oun,darija_latin
rabi yjib lkhir inchallah,darija_latin
rani fi tlemcen daba,darija_latin
y3tik saha 3la had l'ma3lomat,darija_latin
kifach rani n9dar nsayad?,darija_latin
fiha ghir l7amdoulah,darija_latin
ma tansa tji ghodwa,darija_latin
7a9i9a had lmousalsal hayel,darija_latin
wach nta m3aya wla m3ahom?,darija_latin
rani bda yt3awed 3lia,darija_latin
sma7li man9darch nji lyoum,darija_latin
bghit nrou7 plage had week-end,darija_latin
wach kayen match lyoum?,darija_latin
rani ghir n9ra w n3awad,darija_latin
3lach dartha haka?,darija_latin
rani fi casa mais ghadi nrou7 oran,darija_latin
dir dm w nhadro,darija_latin
sa3a wach nta m3aya?,darija_latin
rani mcharja mn lkhidma,darija_latin
7alaw had lbabour,darija_latin
bsa7tek lphone jdida,darija_latin
chouf rani mlih 3andk,darija_latin
ma3labalich 3la had l'khabar,darija_latin
"rani fi djazair, nta w fin?",darija_latin
had lmawdo3 bzaaf 3liya,darija_latin
tji ntfahmou 3la had lprojet,darija_latin
bghit nrou7 visiter tamanrasset,darija_latin
rani bghit n9ra b barra,darija_latin
y3ish djazair,darija_latin
wa9ila ghadi nrou7 samedi,darija_latin
had lfilm 3jebni bzaaf,darija_latin
rani 3ayen men service nta3 l'admin,darija_latin
labas alik a sahbi?,darija_latin
3lach ma rditech 3la whatsapp?,darija_latin
rani fi blida daba,darija_latin
merci bcp 3la l'aide,darija_latin
rani m9awad had lyoum,darija_latin
wach andek service ghodwa?,darija_latin
rani nsit ndir like,darija_latin
7a9 ra7 yji men l'khedma,darija_latin
sa7iti 3la l'info,darija_latin
mlih ki ra7 t3awd tji,darija_latin
tawa7chtek ya kho,darija_latin
dir effort chwiya,darija_latin
ntaya khir menhoum,darija_latin
rani f travail daba,darija_latin
9rit l'article wa3er,darija_latin
inchallah nrou7 ndir voyage,darija_latin
yallah rani jay,darija_latin
dirha w ma tchoufch l wara,darija_latin
tji nrakbou velo,darija_latin
rani fi la plage b jdid,darija_latin
"labas kho, ghir habbit n9oullek belli rani mlih w nchallah nta zada bkhir",darija_latin
wach rak tchouf f had lmawdo3? ana franchement ma3jbni chwiya,darija_latin
rani kont hab ndir voyage mais la situation ma khalatch,darija_latin
ana ma ndirch confiance f had nass li kayhdrou ghir b la bouche,darija_latin
sa7bi rani ra7 nji ndour 3lik ghodwa 3la chwiya,darija_latin
rani fi travail daba w m3andi w9t ndir commentaire taweel,darija_latin
ra7 ndir effort 3la rohi bach nkemel had lprojet li bda3tou,darija_latin
"mlih tji had l7al fi waqtou, kima ygoulou hadra fi blassa",darija_latin
tawa7chtek bzaaf w nchallah nlt9aw fi l3id,darija_latin
"fi sah rani nta9adt b had lmawdo3, ma kountch nta9ad fi awal",darija_latin
rani ngoullek hakda bach ma t3awedch tdir had lghalta,darija_latin
rani f blida depuis 3 jours w jaw bzaaf mlih,darija_latin
ana rah 3andi mawdo3 mhem hab ndwi m3ak fih,darija_latin
wach nta fi service daba wla ghadi tji b3d?,darija_latin
"fi sah had lfilm worth watching, yjiblek lmora",darija_latin
dir like w partage bach ychoufou nass aktar,darija_latin
bghit n3raf chkon rah ydir had lmousalsal jdida,darija_latin
rani 3ayen had les jours b cause de service nta3i,darija_latin
sa7a ftourkoum w nchallah ramdan moubarek 3likoum,darija_latin
rani ndir commentaire ghir bach nsharek ra2yi,darija_latin
wach 3lach nta daiman katnqed f kulshi? khelina nkamlo w nta 3tik rai!,darija_latin
ma n9darsh nfham kifach t9dr tgol had l7aja b had taria,darija_latin
"rani mtfahem m3ak f ba3d lpoints, basah hadchi ma kaynsh",darija_latin
"nta ghlt 3la had lmawdo3, rah l7al b3id 3la dak lfikra nta3ek",darija_latin
wach nta fhamt l7ala mzyan? 7it ana mashi m3ak f had lfasla,darija_latin
"rani sma3t bzaaf d lklam li ma3andouch ma3na, khassna nkonou wadhin",darija_latin
bghit nshouf kifach ghadi tchouf hal lproblème mn jdida,darija_latin
"ma tkhafch, rah hadchi ghir bda f awal, ghadi yt7assn inshalla",darija_latin
"nti mashi mtfahma 3la lmawdo3, lazem ndirou tafahom mzyan",darija_latin
"rani nzid n9olak, had lqadiya ta9dir tkoun sbab f moshkil kbira",darija_latin
wach nta gha9i m3aya? 7it hadchi li katgol ma kaynsh,darija_latin
rani dayr lih note w bghit nghoullek ma3lich,darija_latin
"nta ghlt bzaaf f had lmawdo3, ghir sma3 liya shwiya",darija_latin
bghit nwarik wa7ed l7aja li ma fhamtahach mn qbl,darija_latin
rani daba f msar w ghadi nji ghodwa bach ntkalmou,darija_latin
nti katb9a f blassa wahda w ma katshoufsh l7al mn jiha okhra,darija_latin
hadchi li katgol ma kaynsh f l3amal w darori nghiyrou,darija_latin
"nti f 7ala mzyana, basah l7al ma kaynsh fiha koulchi mzyan",darija_latin
rani bghit nchouf shnou ra2yk f had lmawdo3 l jdida,darija_latin
"ana nta wahed lmochkil, bghit n9olak, w bghit nsm3 ra2yak",darija_latin
"3la slamtek, rani far7an b had lkhbar",darija_latin
"wach nta f had lmoment, 9der tchouf lvideo?",darija_latin
"rani m3ak, hadchi li kantsenna",darija_latin
"bghit nsawl, kifach n9dar n9ra had lkitab?",darija_latin
rani dima msta3id n3awnkom,darija_latin
"had lmawdo3 sahla, basah fih details",darija_latin
"yallah, nrouhou ndirou wa7ed lfr7a",darija_latin
wach nta m3ana f had lprojet wala?,darija_latin
"rani mcharja men service, basah nb9a n9ra",darija_latin
"mlih had la musique, 3jbani bzaf",darija_latin
3lach ma tji chwiya 3la lforum?,darija_latin
"rani f dar, w nta f win?",darija_latin
tji m3ana ndirou sortie samedi?,darija_latin
had lmousalsal kayn f Youtube?,darija_latin
rani mshiti b l'khir daba?,darija_latin
rani 7abit nt3llm ktar 3la had lwad3,darija_latin
wach nta fhamt l'idée mzyan?,darija_latin
"rani mli7, nchallah nta zada bkhir",darija_latin
dir like w partage lhadra m3a sahbak,darija_latin
"chouf nta, had chi kayn ghir fi lbladna",darija_latin
"wah, nta daba expert f koulchi wla?",darija_latin
3lach nta dayman kat9awd m3ana b klam dyal wahed,darija_latin
"rani fakart rah nta mzyan, basah daba bda3t tswitar",darija_latin
"nti ma t3rfsh kifach tdir hadchi, bghit n3llmk",darija_latin
"yallah, hadchi li 3andna, wach nta jay t9awd?",darija_latin
"bghit nrou7 plage, basah daba nta mazal f dar",darija_latin
"nti daba 3andk doctorat f lklam, bravo!",darija_latin
"rani msamma b had la discussion, wach nta m3aya?",darija_latin
"chouf, nti daba wahed lchef f had lwad3",darija_latin
"ma tkhafch, hadchi ghir tlata dyal klam",darija_latin
"nta daba katdkhel f kulchi, bghit nshouf shnou tsawar",darija_latin
"rani mchat m3ak, basah ma tl9ach 3la had lmassa2l",darija_latin
nta bghit t3awd tsawer wahed lfilm jdida,darija_latin
rani mazal ma fihmtch kifach t9dr t9oul hakda,darija_latin
nti daba mouchkil nta w had lklam dyalek,darija_latin
"chouf nta, hadchi kayn ghir fi lbladna wla?",darija_latin
"nti daba katzid f had la discussion, rani mskot",darija_latin
"rani kayen ghadi nji ghodwa, wach nta m3aya?",darija_latin
"nti daba nta chef, w ana talib",darija_latin
"bghit nghanni, basah nta kat9awd b klam dyal mouchkil",darija_latin
"ma tkhafch, rani m3ak w gha ntjawzou had lmoshkil",darija_latin
rani dayman kanfakar fik w kanmnah lik koul khir,darija_latin
"yallah, 9awwi rassek w ma tkhallich chi 7aja tahbesak",darija_latin
rani far7an b had lmojiza li w9a3at,darija_latin
kulshi mumkin ila 9rart w tjahadt,darija_latin
"rani m3ak f had tori9, wa3d li rabi",darija_latin
nti wahed linsan mhem w mazal kayn lkhir,darija_latin
"ma tkhafch men lghd, rah dayman kayn lfor9",darija_latin
"dir daba lawa9t dyalek, w ma tkhdemch ghir 3la lmadi",darija_latin
rani dayman kantmanna lik lbaraka w lmouwafaqa,darija_latin
"nta qawi, w mazal 3andek bzaf d lmo9darates",darija_latin
"ma tensaash, had lmassa2l hiya li katbni",darija_latin
rani fakart fi kalamak w bghit nghoullek chokrane,darija_latin
nti nta9i wa3r w ma tkhallish hadchi y3ti9ek,darija_latin
"kul nhar jdida, w fursat jdida",darija_latin
"rani dayman kantfakar lik, bghit lik koulchi mzyan",darija_latin
"nta 9awi, w gha t9der t9ta3 had ttari9",darija_latin
"ma tkhafch, rabi m3ana w gha y3awnna",darija_latin
rani bghit n9olk m3ak dima,darija_latin
nti wahed linsan li kayn fih ljmal w l9owa,darija_latin
"salut kho, kifeh rak?",darija_latin
wach kayn chi jdida 3andkom?,darija_latin
"rani mlih, nchallah nta zada bkhir",darija_latin
bghit nsawl 3la had lmawdo3,darija_latin
labas 3lik? ch7al mn wahed m3ak?,darija_latin
wach nta m3aya f had lprojet?,darija_latin
rani bda nfassar lih hadi l7aja,darija_latin
nti kayen chi wahed jdida?,darija_latin
rani msta3id n3awnkom f ay wa9t,darija_latin
"chouf, bghit nrou7 l3id m3a family",darija_latin
wach nta f had lmoment?,darija_latin
rani dima kanb9a n9ra w nt3llm,darija_latin
nti mzyana bzaf f had l9adiya,darija_latin
wach ghadi njiw l7afla l9adima?,darija_latin
rani kayen f dar ,darija_latin
bghit nghanni wahed lghnia jdida,darija_latin
3lach ma tji chwiya 3la lforum?,darija_latin
rani dayr effort bach nkemel had lprojet,darija_latin
"nti dayra mzyan, tbarkallah 3lik",darija_latin
wach nta fi service ?,darija_latin
"rani m3ak, ma tkhafch men ay 7aja",darija_latin
bghit nrou7 l3id w nfr7 m3a sahabi,darija_latin
nti dayma kat3ti lkhir w nta9i,darija_latin
wach ghadi njiw nchoufou had lmousalsal,darija_latin
rani dayr l’khdma daba w ma3andi w9t,darija_latin
nti wahdek nta9iya f had lmajmou3a,darija_latin
dir dawa w rani dayr lik support,darija_latin
"chouf, had l’mohim howa net9admo dayman",darija_latin
"rani mcharja men lyoum, basah gha ntsanna lweekend",darija_latin
nti bghit n9olk chokrane 3la koulchi,darija_latin
rani dayman kan7awel nkoun a7san,darija_latin
wach nta f had lwa9t mlih?,darija_latin
nti ma tnsash nta9i w b9a dayman m7taram,darija_latin
rani bghit nshouf kifach n9dar n3awn,darija_latin
bghit nkamel had lprojet b najah,darija_latin
rani f dar daba w nta f win?,darija_latin
"nti mzyana bzaaf, w dayman kat3ti lma3loumat",darija_latin
wach nta 3andek chi 7aja jdida t9oliha?,darija_latin
rani n9ra w bghit nkoun mli7 f lfuture,darija_latin
nti dayma katb9a f 9albi,darija_latin
كي راك خويا؟ كلشي لباس؟,darija_arabic
راني تعبان بزاف اليوم,darija_arabic
شحال دالوقت؟,darija_arabic
بغيتي تروح للسوق ولا للبحر؟,darija_arabic
علاه ما جاوش؟,darija_arabic
قولهم يتصنطولي مليح,darija_arabic
درك نجي، استنى شوية,darija_arabic
كي تكمّل، عيطلي,darija_arabic
صحيت بزاف خويا,darija_arabic
نروحوا نتمشاو في لاكورنيش؟,darija_arabic
لاباس عليك؟,darija_arabic
واش راك مليح ولا لا؟,darija_arabic
راني مشارج بزاااف,darija_arabic
غدوة نديرو باربكيو,darija_arabic
علاش ما تجي معنا؟,darija_arabic
هو قال بيها,darija_arabic
شوف انت واش تدير,darija_arabic
نسيت واش قلتلك,darija_arabic
يكون خير إن شاء الله,darija_arabic
هادي سميتها دارجة، ماشي عربية,darija_arabic
واش راك لاباس؟,darija_arabic
هادي هي المسألة!,darija_arabic
سمعت شي حاجة على جيزي؟,darija_arabic
بغيت نمشي للبحر اليوم,darija_arabic
يا خو راني تعبان,darija_arabic
ماشي كل واحد يفهم,darija_arabic
كيفاش ندير هاد المشكلة؟,darija_arabic
راني نستنى في طاكسي,darija_arabic
انت دابا فين راك؟,darija_arabic
ما تخافش راهي بصلا,darija_arabic
هادشي ما عجبنيش,darija_arabic
قلتلك ما تديرهاش,darija_arabic
صحابتي جات اليوم,darija_arabic
درنا فييستا البارح,darija_arabic
أنا في دارنا دابا,darija_arabic
خاصني نقرا شوية,darija_arabic
حيت راني مدمّر,darija_arabic
طلع عليا الضغط,darija_arabic
قلت نجي معاك,darija_arabic
مالك دايخ هكا؟,darija_arabic
عيتلهم وما ردوش!,darija_arabic
شحال كيدخل الانترنت في فورفي أوريدو؟,darija_arabic
جيزي دابا عندها برومو جديدة,darija_arabic
ما فهمتش كيفاش ندير كونفيغيراسيون 4G,darija_arabic
كتبقى الكونكسيون تقطع ولا بطيئة,darija_arabic
غير ندير ريشارج كيمشي ديركت,darija_arabic
واش فبالك بهاد العرض ديال موبيليس؟,darija_arabic
خاصني الكود ديال الويفي اللي في المودام,darija_arabic
أورنج عندهم فورفي ب 1000 دج,darija_arabic
كيمشي الكريدي بزاف في المكالمات,darija_arabic
كونكسي بطيئة دابا، اشرح لي شوية,darija_arabic
أنا مع جيزي وماكانش مشكل,darija_arabic
فودافون كاينة في الخارج بقات تحت الكوفراتور,darija_arabic
علاش ما كيرسلوش SMS تأكيد؟,darija_arabic
غلاو الانترنت هدوما!,darija_arabic
نشوف العرض وندير مقارنة,darija_arabic
دير سبيد تست وشوف الديبيت,darija_arabic
الفورفي يجيب لك 10 جيغا ف الشهر,darija_arabic
كونكسي بالويفي مزيانة، 4G ما سرعاتش,darija_arabic
بغيت ندير بورتابيليتي لجيزي,darija_arabic
أوريدو عندها مِيّور كوفراتور ف بلاصتي,darija_arabic
كيعطيك 1 جيغا بونيس مع كل ريشارج,darija_arabic
راني عيط بجليزي، ما كانسمعش مزيان,darija_arabic
كيجي SMS مع كود فيريفيكاسيون ب زربة,darija_arabic
خاصني نعرف كيفاش نصيفط MMS,darija_arabic
مشات ليا الصولد بلا ما نفهم كيفاش,darija_arabic
ما كاينش السيغنال دابا، راه بصفر,darija_arabic
بغيت نطلانصي الانترنت بشي فورفي قليل,darija_arabic
تليفونات موبيليس ف المحلات ولات غالية,darija_arabic
ف التليفون ديالي 4G ما تصرّاتش مزيان,darija_arabic
درت ريشارج ف البوتيك ما تشارجاتش,darija_arabic
أوريدو عطاوني 5 جيغا ب 1000 دج اللي واعرة,darija_arabic
الكونكسيون فسخت وحدة وحدة,darija_arabic
كيبقاو يشارجيو ليا سيرفيسات ما بغيتهمش,darija_arabic
اللي ف أورنج، واش كاينة 5G دابا؟,darija_arabic
سميتي ما بقاتش ملي تشارجات السيم,darija_arabic
ف الأبلي ما كانش أوبسيون ديال العروض الجداد,darija_arabic
جيزي كيبعتو SMS ب زربة بزاف,darija_arabic
راني نعيط وتتسد ليا دابا دابا,darija_arabic
ما تقاوناش النت فالعرُوب,darija_arabic
صحابتي عندها مشكل مع جيزي، قالت ليا كيتسدو عليها المكالمات حتى ف وقت الحاجة، ودابا كتسول واش كاينة شي سولوسيون ولا لا,darija_arabic
الكونكسيون ديال أوريدو ف هاد الحومة ما عندهاش استابيليتي، نهار تجي بسرعة زوينة ونهار آخر ما كتمشيش حتى ل واتساب، هادي ما بقاتش كاينة,darija_arabic
مشات ليا الريشارج اللي درتها من الأب، ولكن ما زادوش ليا الصولد، عاودت تواصلت مع السيرفيس كلون وگالو لي صبري غير 24 ساعة,darija_arabic
التليفون ديالي كيبقى يدير إيرور ف السيم ديال موبيليس، راه ديجا جربت سيم أخرى وخدمات نرمال، دابا كنتسول واش السيم خاصها ريمبلاسمون,darija_arabic
دنيا خلتني نحس أن الفورفي كيتخلص بزاف على والو، ودابا كيقاطعونا بالـ SMS ملي ندير الريشارج أو نستعمل الانترنت,darija_arabic
راني عندي سؤال، علاش أوريدو كيديرو بونيس ما فهمتش كيفاش كيخدم؟ درت ريشارج ب 200 دج وعطاوني 500 دج داتا بونيس,darija_arabic
كيجيني ميساج ديال SFR ف التليفون ديالي وأنا ما عنديش سيم ديالهم، شوف واش ممكن يكون شي إيرور ف الريزو ولا الهاردوير,darija_arabic
غادي نكون فرحان إلا كان شي عرض فيه واتساب لا محدود بثمن مناسب، حيث دابا الفورفيات غاليين بزاف,darija_arabic
قالو ليا بلي فودافون ف فرنسا كيعطي انترنت لا محدود ف الفورفي ديال 25 يورو، واش كاين شي حاجة بحال هكا ف موبيليس ولا جيزي؟,darija_arabic
درت الريشارج ف البيرو طاباك، ولكن ميساج التأكيد ما جاش ليا دابا، تسنيت 15 دقيقة وما كاين والو، صيفطت *611# ما خدمتش,darija_arabic
مني نعيط للسيرفيس كلون ديال موبيليس، كيعطيوك صوت أوتوماتيك كيسول بالدارجة، ولكن ما كانفهمش الاختيارات اللي كيعطيو,darija_arabic
ماشي كل واحد يعرف يدير باراميتراج ديال 4G، دابا خاصكم تديرو فيديوهات بالدارجة وتحطوها ف يوتيوب باش نعرفو كيفاش نبراميترو,darija_arabic
كنخدم بسيم أوريدو ف المودام، ولكن دابا كيتقطع الاتصال كل 15 دقيقة، خاصني نعرف واش المشكل ف السيم ولا المودام,darija_arabic
كنت فالبلّاج ف جيجل والريزو ديال جيزي ما كانش خالص، ما عندهمش الكوفراتور هنا، خاصكم تديرو تحديث للريزو,darija_arabic
عرفتي واحد صعيق، عندو جوج كارت سيم، وحدة ديال موبيليس ووحدة ديال أورنج فرنسا، كيعرف كيفاش يخدم بيهم ف نفس الوقت,darija_arabic
خدمت الأب ديال جيزي باش نخدم العرض، ولكن ما تشارجاتش ليا الداتا اللي واعدين بيها، دابا بغيتكم تشوفو شي حل,darija_arabic
واش كاين شي عرض ف موبيليس اللي كيخدم فيه فايسبوك وتيك توك بلا محدود؟ حيث دابا كيتقطع عليا النت بسرعة,darija_arabic
SMS اللي كتصيفطو ف عروض جيزي ما فهمتش شنو كتسوى ولا كيفاش نفعّلها، خاصكم تحسنو الكومينيكاسيون مع الكليان,darija_arabic
ف أوريدو جربت شي عرض، ملي خدمتها سالات ليا الداتا بسرعة، ولكن ما كاينش سويفي ف الأب,darija_arabic
كنت بغيت ندير بورتابيليتي من موبيليس لجيزي ولكن قالولي خاصني نستنى 3 أيام باش تتسراح، دابا كتأخذ وقت بزاف,darija_arabic
دابا واش كاين شي عرض ف جيزي اللي كتسوقوه ف فايسبوك فيه واتساب وتيك توك لا محدود بثمن مناسب؟,darija_arabic
أنا كنت نصيفط SMS 700 باش نخدم العرض، ولكن العرض ما تفعلش، غير تلسق ليا الصولد وجاني ميساج غريب,darija_arabic
شنو أحسن أوبيراتور اللي كيعطي كوفراتور مزيانة ف بلاد كبيرة بحال لغواط؟ علاش كلشي خدام غير ف تلمسان؟,darija_arabic
أوريدو عندهم عروض زوينة ف الإشهار، ولكن ملي تدير ريشارج كتلقاها ما فيهاش بونيس، هادو غير تسويق,darija_arabic
خويا شريت سيم كارت دجيزي بصح ما تخدماتش,darija_arabic
تطبيق موبليس راهو يهنق بزاف، ما يفتحليش,darija_arabic
شفت إعلان تاع أوريدو فالأنستغرام، بصح فالآب ماكانش,darija_arabic
كل نهار يجيني مساج من 5005، وليت مخنوق,darija_arabic
درت عرض فايسبوك بـ50 دج، بصح الفيديو ما يخدمش,darija_arabic
حبيت نعيط للزابون تاع دجيزي، قعدت نستنى 20 دقيقة,darija_arabic
سيڨنال موبليس فالدوّار راح كامل,darija_arabic
كشطيت كود التعبئة، عطالي خطأ وعاودت 3 مرات,darija_arabic
واش كاين فورفي خاص بتطبيق تيك توك فموبليس؟,darija_arabic
قسمنا الانترنت من أوريدو، راحتلي 5Go في ساعة,darija_arabic
قالولي 4G بصح اليوتيوب ما يحملش,darija_arabic
السيم كارت تاع موبليس تحبّس كي نرستار الهاتف,darija_arabic
نحب نحول الرقم تاعي من دجيزي لموبليس، كيفاه؟,darija_arabic
سكانيت الكود فالآب تاع أوريدو، عطالي إيرور,darija_arabic
حبيت ندير كومبت ف djezzy wallet، قالولي الاسم خاطئ,darija_arabic
السيڨنال يطيح كي ندخل للڨراج، واش ندير؟,darija_arabic
الزابون كل مرة يجاوبني بروبو تلقائي,darija_arabic
درت عرض نتفليكس من موبليس، بصح راهي تقطع,darija_arabic
رحت للوكالة تاع أوريدو، قعدت نستنى بالزاف,darija_arabic
سمعت كاين عرض 30Go بـ1000دج بصح ما لقيتوش فالآب,darija_arabic
واش كاين عرض غير للمكالمات في دجيزي؟,darija_arabic
خدمة ما بعد البيع راهي تمشي ببطء كبير,darija_arabic
التطبيق يقوللي السيم غير مدعوم فالتلفون,darija_arabic
يجيني مساج من دجيزي فيه لينك خاطئ,darija_arabic
حبيت ندير تعبئة أوتوماتيكية، تنقصلي دراهم بلا تنبيه,darija_arabic
يجيني إشعار بعرض 100دج بصح يتخصملي 120دج,darija_arabic
تطبيق دجيزي يخدم غير مع VPN مرات,darija_arabic
درت كونفيݣ الانترنت وبقا السيڨنال طايح,darija_arabic
شحنت من بريدي موب، بصح ما زادليش الرصيد,darija_arabic
قالولي 5Go في 7 أيام، بقات يومين وما بقاتش داتا,darija_arabic
كاين خطأ فالمكالمات مع سيم موبليس، ما بقاش يستنى,darija_arabic
حبيت نبدل سيم أوريدو لي ضاعتلي، لازم تصريح؟,darija_arabic
واش كاين عرض خاص برمضان فيه 1Go فالنهار؟,darija_arabic
السيڨنال يطلع ويهبط كي الطقس,darija_arabic
النت ما تنجمش تحضر بيه زووم ولا ميتينڨ,darija_arabic
حبيت نشحن من تطبيق موبليس، وقفلي فالدفع,darija_arabic
كاين واحد يبيع كودات دجيزي بثمن أرخص,darija_arabic
درنا ڨروب فالواتساب باش نشكو من موبليس,darija_arabic
شحنت 200دج، بصح الرصيد ما تبدلش,darija_arabic
ما عرفتوش كيفاش نحذف العروض القديمة من التطبيق,darija_arabic
السيڨنال يقطع كي نكون فالدار، بصح فالخارج يخدم مليح,darija_arabic
شريت شريحة جديدة من أوريدو، ما فعلوهاش,darija_arabic
كاين مشكل فالأنترنت، راهي تمشي غير فالتطبيقات الخفيفة,darija_arabic
كل مرة ندير تعبئة، يطيرلي الرصيد بلا ما نعرف علاش,darija_arabic
كي نحاول نعيط، يقولي الشبكة غير متوفرة,darija_arabic
دخلت الكود *151# عطالي خدمة غير متاحة,darija_arabic
راني نبعث إيميلات وما يروحوش، كي نحول الواي فاي يخدم,darija_arabic
درت استبيان تاع دجيزي وما عطاوني والو,darija_arabic
خدمت عرض فيه يوتيوب غير محدود، بصح يتقطع كل شوية,darija_arabic
الإشعارات تاع العروض يجو فالنص الليل ويقلقوني,darija_arabic
راني نعاني من السيڨنال فالرّيف بزاف,darija_arabic
تطبيق موبليس كي نفتحو يبقا يڨلوشي برك,darija_arabic
درت تعبئة بالكارت، بصح ما جاتنيش تأكيد,darija_arabic
عندي نت، بصح التطبيقات ما تفتحش حتى نبدل الشريحة,darija_arabic
يعيطولي الناس يقولولي التليفون مغلق وهو راهو شاعل,darija_arabic
ما نقدرش نغيّر كلمة السر تاع أوريدو فالآب,darija_arabic
النت يضعف غير كي نكمل التعبئة، وش هاد الشي؟,darija_arabic
خسرت دراهم فالخدمة تاع SMS ما وصلش,darija_arabic
عروض رمضان لي وعدونا بيها ما جاوش كامل,darija_arabic
كاين فرق كبير بين العرض لي فالإشهار و الواقع,darija_arabic
نسيت الكود تاع الشريحة، رحت للوكالة وما حبوش يعاونوني,darija_arabic
السيڨنال يولي 3G ويهرب 4G كل شوية,darija_arabic
خدمت عرض مكالمات، بصح ما نقدرش نعيط,darija_arabic
الموزع الصوتي تاع دجيزي معقد بزاف، صعب توصل لخدمة الزبائن,darija_arabic
ما نقدرش ندير تعبئة بالكود عبر التطبيق، يقولي خطأ,darija_arabic
راهم يبعثولي عروض مكررة كل نهار,darija_arabic
خدمت العرض الأسبوعي، بصح النت خلص ثاني نهار,darija_arabic
الجي بي إس ما يخدمش مع نت تاع أوريدو,darija_arabic
حبيت نوقف العرض بصح ما كاين حتى خيار,darija_arabic
سيم تاع موبليس يسخن بزاف كي نكون نستعمل اليوتيوب,darija_arabic
واش راك شفت الفيديو اللي نتاع سعيد؟ زعيم برشا,darija_arabic
راني برشا مشغول هاذي الأيام، ماكيني وقت للراحة,darija_arabic
كيفاش دايرين في الدار؟ كلهم بخير؟,darija_arabic
أنا ما برشا نحب هالنوع من الأكل، ولكن نتحمّلو.,darija_arabic
نتاعسك؟ وين راك متاع؟,darija_arabic
خويا، سمعت الأخبار؟ راهو فضيحة حقيقية!,darija_arabic
نتاعج؟ واش دابا فاترك؟,darija_arabic
وين نلقى أحسن كسكسي في الجزائر؟,darija_arabic
هذا الطقس راهو برشا حار، ما نقدر نخرجش.,darija_arabic
راني نتفرج في فيلم على نتفلكس، تبغي تنضمّلي؟,darija_arabic
الحكومة راهي ما تعرفش تشغّل، كلشي تيما يتفاقم.,darija_arabic
الشباب راهم تيتسربوا من الوطن، وين نتاعهم؟,darija_arabic
لا للغلاء! راهو دابا ما نقدر نعيشواش.,darija_arabic
هذا الوزير راهو كيما اللي فاهم والو، ما يقدرش يخدم.,darija_arabic
نتاعسك بالوضع؟ راهو تيما يتفاقم يوم بعد يوم.,darija_arabic
أنا لو كنت وزير، راه نتاعكت الشغلة في يوم واحد!,darija_arabic
إذا بغيتي تعرف إذا واحد صادق ولا لا، سوله يقرضك فلوس.,darija_arabic
أنا برشا ذكي، ولكن برشا فقير… فالذكاء ما ينفعش!,darija_arabic
نتاعج؟ ولا لا؟ ولا بغيتي نبدأ نتاعجوا؟,darija_arabic
هذا الشخص راهو كيما الواد اللي قال ما نخافش ولقى نمر قدامو!,darija_arabic
راني حابس برشا stress، وma tête تيما تدوّم.,darija_arabic
"هذا film راهو trop bien, تبغي نتشاركوا عليه؟",darija_arabic
je suis fatigué de cette situation، ما نقدر نكملش هكذا.,darija_arabic
le prix ديال هالشي راهو trop élevé، ما نقدر نشريوش.,darija_arabic
خويا، tu crois أن الأمور غادي تتحسن؟,darija_arabic
"I’m done with this job, والله ما نقدر نكملش.",darija_arabic
This guy راهو كيما villain ديال film.,darija_arabic
stop being toxic، راهو ما ينجمش نعيشوا كيما هكا.,darija_arabic
"I need a vacation, حتى في الحلم ما نقدر نرتاحش.",darija_arabic
لاباس خويا؟,darija_arabic
واش راك مزيان ولا لا؟,darija_arabic
راني مشتاقة بزاف,darija_arabic
صحة فطوركم الأصدقاء,darija_arabic
راني عيان بزاف اليوم,darija_arabic
دير لايك وبارطاجي خويا,darija_arabic
علاش ما رديتش على مساجي؟,darija_arabic
أنا هنا في بلادي وأنت؟,darija_arabic
راني نكره هاد الجو السخون,darija_arabic
ربي يجيب الخير إن شاء الله,darija_arabic
راني في تلمسان دابا,darija_arabic
يعطيك الصحة على هاد المعلومات,darija_arabic
كيفاش نقدر نصيد؟,darija_arabic
فيها غير الحمد لله,darija_arabic
ما تنساش تجي غدوة,darija_arabic
حقيقة هاد المسلسل هايل,darija_arabic
واش نتا معايا ولا معاهم؟,darija_arabic
راني بدا يتعود عليا,darija_arabic
سمحلي ماقدرتش نجي اليوم,darija_arabic
بغيت نروح الشاطئ هاد الويكند,darija_arabic
واش كاين ماتش اليوم؟,darija_arabic
راني غير نقرا ونعاود,darija_arabic
علاش درتها هكذا؟,darija_arabic
راني في كازا ولكن غادي نروح وهران,darija_arabic
دير ديم ونتكلمو,darija_arabic
ساعة واش نتا معايا؟,darija_arabic
راني مشرّج من الخدمة,darija_arabic
حلاوة هاد الباخرة,darija_arabic
بصحتك التليفون الجديد,darija_arabic
شوف راني مزيان عندك,darija_arabic
بغيت نبدل الشريحة,darija_arabic
شحال كاين فهاد العرض؟,darija_arabic
لاباس خويا، غير حبيت نقوللك بلي راني مزيان وإن شاء الله نتي حتى نت تكون بخير,darija_arabic
واش راك تشوف فهاد الموضوع؟ بصراحة ما عجبنيش شوية,darija_arabic
راني كنت حاب نسافر بصح الوضعية ما سمحتش,darija_arabic
أنا ما نثقش فالناس لي تهدر غير فالخلا,darija_arabic
صاحبي راني غادي نجي نزورك غدوة شوية,darija_arabic
راني في الخدمة دابا وما عنديش الوقت نكتب تعليق طويل,darija_arabic
غادي ندير مجهود على روحي باش نكمل المشروع لي بديت فيه,darija_arabic
مزيان تجي هاد الحالة فالوقت المناسب، كيما يقولوا كل حاجة فبلاصتها,darija_arabic
توحشتك بزاف وإن شاء الله نلتقي في العيد,darija_arabic
في الحقيقة راني تناقشت فهاد الموضوع وما كنتش متفاهم في البداية,darija_arabic
راني نقوللك هكذا باش متعاودش تغلط فهاد الغلطة,darija_arabic
راني في البليدة من ٣ أيام والجو مزيان بزاف,darija_arabic
أنا عندي موضوع مهم حاب نهدر معاك فيه,darija_arabic
واش نتا في الخدمة دابا ولا غادي تجي من بعد؟,darija_arabic
في الحقيقة هاد الفيلم يستحق المشاهدة بزاف,darija_arabic
دير لايك وشارك باش يشوفو الناس أكثر,darija_arabic
بغيت نعرف شكون غادي يدير هاد المسلسل الجديد,darija_arabic
راني عيان هاد الأيام بسبب الخدمة ديالي,darija_arabic
صحة فطوركم وإن شاء الله رمضان مبارك عليكم,darija_arabic
راني غادي ندير تعليق غير باش نشارك رأيي,darija_arabic
واش راك داير؟ كيداير مع الخدمة؟,darija_arabic
بغيت نسولك على الموضوع لي درتيه البارح,darija_arabic
راني فرحان بزاف بالنتيجة لي وصلتلها,darija_arabic
كيما يقولوا، الصبر مفتاح الفرج,darija_arabic
راني باغي نتعلم أكثر على هاد القضية,darija_arabic
توحشتك بزاف يا خويا وإن شاء الله نكونو مع بعض قريب,darija_arabic
دير مجهود باش تحقق أحلامك، ربي معاك,darija_arabic
واش نتا مستعد للمشروع الجديد؟,darija_arabic
راني كنقرا بزاف باش نطور من راسي,darija_arabic
ربي يوفق الجميع وإن شاء الله النجاح للجميع,darija_arabic
واش راك خويا؟ كنت باغي نسمع رايك فهاد الموضوع حيث مهم بزاف,darija_arabic
راني مشغول هاد الأيام، بصح نحاول نرد عليك فاقرب وقت,darija_arabic
شكرا بزاف على المساعدة ديالك، ربي يبارك فيك,darija_arabic
كنت باغي نشارك معاكم تجربتي فهاد القضية، عسى تفيدكم,darija_arabic
صحيح أن الخدمة صعيبة، بصح لازم نكونو صبورين ونتعلمو,darija_arabic
دير جهدك وما تخليش أي حاجة توقفك، النجاح قدامك,darija_arabic
واش رأيك فهاد الفيديو لي شاركته البارح؟,darija_arabic
راني فرحان بزاف بهاد الأخبار لي وصلتنا اليوم,darija_arabic
كنت كنقرا التعليقات، وبغيت نقول بلي بزاف ديال الناس متفهمة,darija_arabic
أنا معاك فهاد النقاش، خاصنا نكونو متفاهمين,darija_arabic
دير لايك وبارطاجي مع صحابك باش يزيدو يشوفوه,darija_arabic
راني مستعد نعاونكم فالمشروع، غير قولوا لي وقتاش,darija_arabic
واش نتا كتظن بلي هاد الفكرة غادي تنجح؟,darija_arabic
كنت باغي نصيفطلكم رابط لمقال مهم، غادي يفيدكم بزاف,darija_arabic
ربي يوفق الجميع ويعطيهم الصحة والنجاح,darija_arabic
راها الحياة صعيبة، بصح بالتعاون نقدروا نوصلوا لأي حاجة,darija_arabic
راني متشوق باش نشوف المشروع كي يكمل,darija_arabic
دير مجهود كبير وغادي توصل لأبعد مما كنت كتتوقع,darija_arabic
شكرا على كلشي، راني كنقدر مجهوداتكم بزاف,darija_arabic
واش كاين شي جديد على المشروع؟ بغيت نكون متابع,darija_arabic
كنت باغي نشوفك، توحشت الضحك ديالنا,darija_arabic
دير رايك بصراحة وما تخافش من ردود الفعل,darija_arabic
راني كنطلب من الله يعاوننا كاملين فهاد المرحلة,darija_arabic
بغيت نقول لكم شكرا على الدعم ديالكم المستمر,darija_arabic
راك غادي توصل لأهدافك بلا شك، ربي معاك,darija_arabic
كنت متردد، بصح دابا عندي أمل كبير فالمستقبل,darija_arabic
راني فرحان بزاف بالنجاحات لي حققتها,darija_arabic
دير حسابك مع ربي، وكون ديما متفائل,darija_arabic
واش بغيتوا نديروا لقاء باش نناقشوا الأفكار؟,darija_arabic
راني باغي نشارك فهاد المشروع بكل طاقتي,darija_arabic
راني متحمس بزاف باش نبدا المشروع الجديد ونتعلم حاجات كثيرة,darija_arabic
الله يسهلك ويعطيك القوة باش تكمل اللي بديت فيه,darija_arabic
كنت كنتسنى فرصة بحال هادي من زمان، الحمد لله جات,darija_arabic
صحيح أن الطريق صعيب، ولكن الإرادة كافية باش توصل,darija_arabic
دير بالك على راسك وما تنساش ترتاح من حين لآخر,darija_arabic
راني كانحاول نكون إيجابي ونتحدى الصعوبات كل يوم,darija_arabic
أنا معاك، وخاصنا نوقفو مع بعض باش نحققو النجاح,darija_arabic
بغيت نشارك معاكم رأيي فهاد النقاش، ونتمنى يكون مفيد,darija_arabic
ربي يفتح علينا ويعطي الخير لكل الناس اللي خدامة بجد,darija_arabic
راني متأكد أن كل مجهود صغير كيحسب وكيجيب النتيجة,darija_arabic
كنت كنحس بالإحباط، ولكن دلوقت عندي أمل جديد,darija_arabic
دير الجهد ديالك، وربي معاك دائما في الطريق,darija_arabic
الحياة فيها ups and downs، ولكن خاصنا نستمروا في المحاولة,darija_arabic
راني متابع جديد الأخبار ديال المشروع وباغي نعرف التفاصيل,darija_arabic
كنت نتمنى نشارك أكثر، ولكن الوقت ضيق شوية دابا,darija_arabic
شكرا بزاف على الدعم ديالكم، بلا بيكم ما كنتش وصلت لهنا,darija_arabic
راني باغي نسمع آرائكم ونقاشاتكم باش نتعلم أكثر,darija_arabic
كيما كيقولوا الناس، الصبر مفتاح الفرج، ونتمنى ذلك,darija_arabic
راني كنتمنى النجاح للجميع وبغيت نعاون باش نحققوه,darija_arabic
دير كل ما بوسعك، وما تخليش شي حاجة توقفك,darija_arabic
واش عندك شي نصائح جديدة نقدر نستعملها فالمشروع؟,darija_arabic
راني متحمس بزاف للفترة الجاية ونتمنى تكون ناجحة,darija_arabic
صحيح أنو كاين تحديات، ولكن بالإرادة نتجاوزوها,darija_arabic
دير لايك وبارطاجي هاد الكلام مع صحابك باش يزيد الفايدة,darija_arabic
راني كانفكر نبدا كورس جديد باش نطور مهاراتي,darija_arabic
شكرا بزاف على كل حاجة كتديروها، الله يبارك فيكم,darija_arabic
راني فخور باللي حققناه وباغي نزيد نطور أكثر,darija_arabic
دير رايك بصراحة وما تخافش من ردود الفعل السلبية,darija_arabic
راني متفائل بالمستقبل وإن شاء الله كاملين نوصلو لأهدافنا,darija_arabic
بغيت نشارك معاكم فكرة جديدة ممكن تفيد المشروع,darija_arabic
واش كتعرف شحال مهم الصبر فالنجاح؟ أنا تعلمت بزاف من هاد التجربة,darija_arabic
راني فرحان بزاف بالحاجة لي وصلتلها بعد تعب طويل,darija_arabic
ماشي ساهل ندير حاجة جديدة، ولكن بالعزيمة كلشي ممكن,darija_arabic
كنت كانخمم نبدل طريقة الخدمة ديالي باش نكون أكثر إنتاجية,darija_arabic
توحشت الصحاب بزاف، كانو ديما معايا فكل وقت,darija_arabic
دابا راني باغي نركز على تطوير نفسي أكتر من قبل,darija_arabic
راني كنتمنى الناس كاملين يكونو متفهمين ويعاونو بعضهم,darija_arabic
حسيت أنو الوقت فات بزاف، ولكن ديما ممكن نرجعو,darija_arabic
خدمتك هي لي كتحدد مستقبلك، ديرها بضمير,darija_arabic
راني متأكد بلي مع الوقت غادي نحقق كلشي كنت كانتمناه,darija_arabic
دير عقلك وكن متفائل، راهو كلشي ممكن يتبدل للأحسن,darija_arabic
شكرا على كل النصائح لي عطيتوني، كانت مفيدة بزاف,darija_arabic
كنت باغي نشارككم قصة ديالي باش نحمسكم,darija_arabic
راني داير جهدي باش نكون أفضل كل يوم عن البارح,darija_arabic
العزيمة هي سر النجاح، ما تخليش شي حاجة توقفك,darija_arabic
نتمنى نكون ديما قدوة حسنة لكل الناس لي كيعرفوني,darija_arabic
بغيت نسمع آرائكم فالموضوع باش نستفد منكم,darija_arabic
راني فرحان بزاف بالفرص لي جاتني فهاد الفترة,darija_arabic
دير عقلك وكون دائما مستعد للتحديات الجديدة,darija_arabic
الصداقة حاجة مهمة بزاف، خاصنا نعتنيو بيها,darija_arabic
راني باغي نطور مهاراتي فالعمل وننجح أكثر,darija_arabic
بغيت نكون مثال للناس اللي باغين يحققو أحلامهم,darija_arabic
كنت كانخاف من الفشل، ولكن دابا تعلمت كيفاش نتجاوزو,darija_arabic
راني متأكد بلي ربي غادي يفتح علينا أبواب الخير,darija_arabic
دير جهدك وما تخليش الخوف يسيطر عليك,darija_arabic
كنت نتمنى نلقى ناس يساعدوني فهاد الطريق,darija_arabic
راني كنشكر كل واحد وقف معايا فالمشوار ديالي,darija_arabic
دير لايك وبارطاجي هاد الكلام مع صحابك باش يستافدو,darija_arabic
راني كنتمنى لكم كل النجاح فحياتكم العملية والشخصية,darija_arabic
كل يوم جديد فرصة باش نحقق أهداف جديدة,darija_arabic
راك داير مجهود كبير وهاد الشي باين في النتائج,darija_arabic
أنا متشوق باش نشوف واش غادي يوقع فالمستقبل,darija_arabic
دير خاطرك وما تخليش العوائق توقفك,darija_arabic
راني كنشوف التطور اللي درناه فهاد المشروع وكنفتخر,darija_arabic
بغيت نسمع رأي الناس باش نطور من خدمتي,darija_arabic
ربي يوفقنا كاملين ونحققو الأهداف ديالنا,darija_arabic
كنت كنتمنى نشوف ناس متحمسين كيفك,darija_arabic
ما تخافش من الفشل راه جزء من طريق النجاح,darija_arabic
دير مجهودك وما تنساش ترتاح من حين لآخر,darija_arabic
كنت فرحان بزاف باللقاء اللي دار بينا البارح,darija_arabic
راني كنقرأ بزاف باش نزيد نطور من نفسي,darija_arabic
دير لايك وبارطاجي مع صحابك باش يستافدو,darija_arabic
واش كتظن بلي خاصنا نبدلو من الطريقة ديالنا؟,darija_arabic
راني فخور باللي حققناه حتى الآن ونبغي نزيد,darija_arabic
دابا خاصنا نركزو على المرحلة الجاية بكل قوة,darija_arabic
ماشي ساهل ندير حاجة جديدة، ولكن بالعزيمة كلشي ممكن,darija_arabic
راني كانحاول نكون إيجابي حتى فالأوقات الصعيبة,darija_arabic
كنت كنتسنى الدعم ديالكم فهاد المشروع الكبير,darija_arabic
دير عقلك وكن متفائل، راح الخير جاي,darija_arabic
راني كنتمنى نكون ديما عند حسن ظنكم,darija_arabic
شحال من مرة حاولت وما قدرتش، بصح ما نستسلمش,darija_arabic
راني كنشكر كل واحد ساعدني فالطريق ديالي,darija_arabic
دير جهدك وربي معاك، راه النجاح قريب,darija_arabic
كنت باغي نتعلم حاجات جديدة فهاد المجال,darija_arabic
واش عندك شي نصائح جديدة تفيدني؟,darija_arabic
راني متحمس بزاف نبدأ فهاد المشروع الجديد,darija_arabic
دير كلشي بضمير وصدق وغادي توصل بعون الله,darija_arabic
راني كنحاول نكون ديما قدوة حسنة فالمجتمع ديالي,darija_arabic
ربي يفتح علينا أبواب الخير ويعطينا الصبر,darija_arabic
كنت نتمنى نشوف تفاعل أكبر من الناس معانا,darija_arabic
راك داير مجهود كبير وهاد الشي باين في النتائج,darija_arabic
أنا متشوق باش نشوف واش غادي يوقع فالمستقبل,darija_arabic
دير خاطرك وما تخليش العوائق توقفك,darija_arabic
راني كنشوف التطور اللي درناه فهاد المشروع وكنفتخر,darija_arabic
بغيت نسمع رأي الناس باش نطور من خدمتي,darija_arabic
ربي يوفقنا كاملين ونحققو الأهداف ديالنا,darija_arabic
كنت كنتمنى نشوف ناس متحمسين كيفك,darija_arabic
ما تخافش من الفشل راه جزء من طريق النجاح,darija_arabic
دير مجهودك وما تنساش ترتاح من حين لآخر,darija_arabic
كنت فرحان بزاف باللقاء اللي دار بينا البارح,darija_arabic
راني كنقرأ بزاف باش نزيد نطور من نفسي,darija_arabic
دير لايك وبارطاجي مع صحابك باش يستافدو,darija_arabic
واش كتظن بلي خاصنا نبدلو من الطريقة ديالنا؟,darija_arabic
راني فخور باللي حققناه حتى الآن ونبغي نزيد,darija_arabic
دابا خاصنا نركزو على المرحلة الجاية بكل قوة,darija_arabic
ماشي ساهل ندير حاجة جديدة، ولكن بالعزيمة كلشي ممكن,darija_arabic
راني كانحاول نكون إيجابي حتى فالأوقات الصعيبة,darija_arabic
كنت كنتسنى الدعم ديالكم فهاد المشروع الكبير,darija_arabic
دير عقلك وكن متفائل، راح الخير جاي,darija_arabic
راني كنتمنى نكون ديما عند حسن ظنكم,darija_arabic
شحال من مرة حاولت وما قدرتش، بصح ما نستسلمش,darija_arabic
راني كنشكر كل واحد ساعدني فالطريق ديالي,darija_arabic
دير جهدك وربي معاك، راه النجاح قريب,darija_arabic
كنت باغي نتعلم حاجات جديدة فهاد المجال,darija_arabic
واش عندك شي نصائح جديدة تفيدني؟,darija_arabic
راني متحمس بزاف نبدأ فهاد المشروع الجديد,darija_arabic
دير كلشي بضمير وصدق وغادي توصل بعون الله,darija_arabic
راني كنحاول نكون ديما قدوة حسنة فالمجتمع ديالي,darija_arabic
ربي يفتح علينا أبواب الخير ويعطينا الصبر,darija_arabic
كنت نتمنى نشوف تفاعل أكبر من الناس معانا,darija_arabic
راني كنشوف أن العمل الجماعي هو السر فالنجاح ديالنا,darija_arabic
دابا خاصنا نكونوا منظمين أكثر باش ننجحوا,darija_arabic
راني متأكد بلي كل مجهود صغير كيحسب فالنهاية,darija_arabic
بغيت نسمع الآراء ديالكم فهاد الموضوع باش نستافد,darija_arabic
دير جهدك وما تستسلمش حتى توصل لهدفك,darija_arabic
راني كانحاول نتعلم كل يوم حاجة جديدة فالميدان ديالي,darija_arabic
الحياة صعيبة ولكن بالعزيمة كلشي ممكن,darija_arabic
كنت كنتمنى الدعم ديالكم باش نكمل المشروع,darija_arabic
راني باغي نطور من قدراتي باش نكون أفضل,darija_arabic
دير لايك وشارك مع صحابك باش يشوفوه أكثر,darija_arabic
كنت كنتسنى فرصة بحال هادي من زمان الحمد لله جات,darija_arabic
ربي يوفقنا كاملين ونحققو الأهداف ديالنا,darija_arabic
راني فرحان بزاف بالنجاح اللي وصلنا ليه,darija_arabic
دير مجهودك وما تخليش شي حاجة توقفك,darija_arabic
راني متشوق باش نشوف التغييرات القادمة,darija_arabic
كنت كنقرأ بزاف باش نزيد نطور من نفسي,darija_arabic
راني كانشكر كل واحد ساعدني فهاد الطريق,darija_arabic
دير عقلك وكن متفائل راه الخير جاي,darija_arabic
راني باغي نشارك معاكم أفكاري وآرائي,darija_arabic
ما تخافش من الفشل راه جزء من طريق النجاح,darija_arabic
كنت نتمنى نلقى ناس يساعدوني فهاد المسار,darija_arabic
دير جهدك وربي معاك، راه النجاح قريب,darija_arabic
راني فرحان بزاف بالفرص اللي جاتني فهاد الفترة,darija_arabic
دير رايك بصراحة وما تخافش من ردود الفعل,darija_arabic
كنت كنتسنى تفاعل أكبر من الناس معانا,darija_arabic
راني متحمس بزاف للمشروع الجديد,darija_arabic
بغيت نكون قدوة حسنة لكل الناس اللي كيعرفوني,darija_arabic
دير كلشي بضمير وصدق وغادي توصل بعون الله,darija_arabic
راني كنشوف التطور اللي درناه وكنفتخر به,darija_arabic
واش راك داير فهاد الوقت؟ بغيت نسمع أخبارك,darija_arabic
راني كنت نتسنى فرصة باش نتكلم معاك,darija_arabic
دير مجهودك وما تخليش حاجة توقفك فحياتك,darija_arabic
راني متفائل بزاف بالمستقبل ديالنا,darija_arabic
بغيت نشارك معاكم بعض الأفكار الجديدة,darija_arabic
دير لايك وبارطاجي مع صحابك باش الناس كامل يستافدو,darija_arabic
راني كنقرأ بزاف باش نطور من مهاراتي,darija_arabic
راني باغي نشارك فهاد المشروع بكل طاقتي,darija_arabic
الحياة صعيبة ولكن بالإصرار نتجاوزوها,darija_arabic
دير عقلك وكون ديما متفائل وراضي,darija_arabic
راني كنشكر كل الناس اللي ساعدوني فطريقي,darija_arabic
كنت كنتسنى النجاح والصبر جاي مع الوقت,darija_arabic
دير رايك بصراحة وما تخافش من النقد,darija_arabic
راني فرحان بزاف بالحاجات اللي حققناها,darija_arabic
بغيت نسمع آرائكم فهاد النقاش باش نزيد نتعلم,darija_arabic
دير مجهودك وما تستسلمش لأي عقبة,darija_arabic
راني متشوق باش نشوف النتيجة النهائية,darija_arabic
كنت كنحاول نكون ديما إيجابي فكل الظروف,darija_arabic
راني متأكد بلي ربي معانا وغادي يفتح علينا,darija_arabic
دير لايك وشارك مع صحابك، النجاح للكل,darija_arabic
راني كنتمنى نكون قدوة حسنة للناس اللي حوالي,darija_arabic
راني كنحاول نتعلم من كل تجربة جديدة,darija_arabic
بغيت نشارك معاكم قصة ديالي باش نحمسكم,darija_arabic
دير جهدك وربّي يسهلك فطريقك,darija_arabic
راني متأكد أننا غادي نوصلو لأهدافنا إن شاء الله,darija_arabic
كنت كنتسنى تفاعل أكبر من الناس معانا فهاد المشروع,darija_arabic
راني باغي نطور مهاراتي ونزيد نتعلم,darija_arabic
دير عقلك وما تخليش الفشل يحبطك,darija_arabic
راني فرحان بزاف بالفرص الجديدة اللي جاتني,darija_arabic
دير كلشي بضمير وإخلاص وغادي توصل لأبعد مدى,darija_arabic
راني كنتمنى ليكم كاملين النجاح والتوفيق فحياتكم,darija_arabic
دير جهدك وما تخليش شي حاجة توقفك فالطريق,darija_arabic
راني متحمس بزاف نبدا فهاد المشروع الجديد,darija_arabic
كنت كنتسنى هاد الفرصة من زمان والحمد لله جات,darija_arabic
دير لايك وبارطاجي هاد الكلام مع صحابك,darija_arabic
راني باغي نطور من مهاراتي ونحقق أحلامي,darija_arabic
ما تنساش تكون ديما إيجابي وتتحدى الصعوبات,darija_arabic
راني كنشكر كل واحد وقف معايا فالمشوار ديالي,darija_arabic
دير عقلك وربّي يفتح عليك أبواب الخير,darija_arabic
راني كنتمنى نكون قدوة حسنة لكل الناس اللي كيعرفوني,darija_arabic
دير مجهود كبير وغادي توصل لأبعد مما كنت كتتوقع,darija_arabic
كنت كنتعلم كل يوم حاجة جديدة باش نطور من نفسي,darija_arabic
راني كنشوف التطور اللي درناه وكنفتخر به بزاف,darija_arabic
دير كلشي بضمير وصدق وغادي توصل بعون الله,darija_arabic
راني متأكد بلي كلشي ممكن بالنية والعمل الجاد,darija_arabic
راني باغي نشارك معاكم أفكاري وأحلامي المستقبلية,darija_arabic
دير جهدك وما تستسلمش لأي عقبة تواجهك,darija_arabic
راني فرحان بزاف بالنجاحات اللي حققناها مع بعض,darija_arabic
كنت كنتمنى نلقى ناس يساعدوني فهاد الطريق الطويل,darija_arabic
دير رايك بصراحة وما تخافش من ردود الفعل,darija_arabic
راني متشوق باش نشوف المشاريع الجديدة اللي غادي نبدأوها,darija_arabic
بغيت نشارك معاكم قصة ديالي باش نستافدوا كاملين,darija_arabic
دير عقلك وكون ديما متفائل باش تحقق أحلامك,darija_arabic
راني كنتمنى لكم كل النجاح فالمستقبل ديالكم,darija_arabic
دير لايك وبارطاجي هاد الكلام مع صحابك,darija_arabic
راني متأكد أن الله غادي يوفقنا فهاد المشروع الكبير,darija_arabic
كنت كنتسنى هاد الفرصة باش نبدا بداية جديدة,darija_arabic
دير جهدك وما تخليش شي حاجة توقفك فالحياة,darija_arabic
راني باغي نطور من نفسي ونحقق طموحاتي الكبيرة,darija_arabic
شكرا بزاف على الدعم ديالكم، الله يبارك فيكم كاملين,darija_arabic
"Bonjour, comment ça va ?",not_darija
I am going to the store.,not_darija
Quel est ton nom ?,not_darija
The weather is nice today.,not_darija
C'est une bonne idée !,not_darija
"Aujourd'hui, nous avons une réunion importante au bureau.",not_darija
I think the internet service is too slow here.,not_darija
C’est vraiment impressionnant ce que vous avez accompli.,not_darija
The customer service at Vodafone was very helpful.,not_darija
L'application de Mobilis ne fonctionne pas correctement.,not_darija
Please restart your device and try again.,not_darija
J’ai contacté SFR mais je n’ai toujours pas de réponse.,not_darija
They promised to call back within 24 hours.,not_darija
Le réseau Orange est stable dans cette région.,not_darija
He said he will come after lunch.,not_darija
Nous avons signalé le problème hier matin.,not_darija
Make sure your mobile data is turned on.,not_darija
La connexion a été interrompue plusieurs fois aujourd’hui.,not_darija
I couldn’t attend the meeting because of work.,not_darija
Le service client d’Ooredoo m’a répondu très vite.,not_darija
I’m waiting for their technician to arrive.,not_darija
Il a téléchargé l’application depuis le site officiel.,not_darija
I used the hotline to report the issue.,not_darija
Ce forfait est trop cher pour moi.,not_darija
Why is my balance decreasing without usage?,not_darija
Mon téléphone ne capte pas le signal ici.,not_darija
The update fixed many bugs in the app.,not_darija
Avez-vous vérifié les paramètres de votre routeur ?,not_darija
They sent a message saying the issue is solved.,not_darija
Je vais essayer une autre carte SIM.,not_darija
The plan includes unlimited data and calls.,not_darija
La vitesse de connexion est très faible ce soir.,not_darija
Il faut recharger votre compte pour continuer.,not_darija
Check your account balance in the app.,not_darija
Ce n’est pas la première fois que ça arrive.,not_darija
I logged in but couldn’t access my data.,not_darija
La qualité de l’appel est mauvaise depuis hier.,not_darija
They said they’ll offer compensation soon.,not_darija
L'agent m’a expliqué le problème en détail.,not_darija
Your request has been successfully processed.,not_darija
Le site est en maintenance pour le moment.,not_darija
I have submitted a complaint online.,not_darija
Ils ont promis une amélioration cette semaine.,not_darija
The issue seems to be resolved now.,not_darija
Merci de contacter notre service après-vente.,not_darija
أحتاج إلى إعادة شحن رصيدي قبل نهاية اليوم.,not_darija
Le forfait proposé est trop cher pour un étudiant.,not_darija
Please try to reset your modem and test again.,not_darija
La connexion a été interrompue sans raison apparente.,not_darija
I received a confirmation SMS but no credit was added.,not_darija
Le service client de Djezzy m’a donné un code erroné.,not_darija
لقد قمت بتثبيت التطبيق ولم يعمل التفعيل.,not_darija
The network coverage is poor in this area.,not_darija
Nous acceptons les paiements par carte bancaire ou mobile money.,not_darija
The technician arrived late and the issue was not fixed.,not_darija
قمت بإرسال شكوى ولم أتلقَ أي رد حتى الآن.,not_darija
My account balance is decreasing without any usage.,not_darija
Le réseau SFR est actuellement indisponible dans ma zone.,not_darija
He said his SIM card is blocked after the update.,not_darija
بالرغم من إعادة التشغيل، الخدمة لم تستأنف.,not_darija
I evaluated the speeds and found major differences between providers.,not_darija
Veuillez confirmer que vous utilisez la dernière version de l'app.,not_darija
Le lien indiqué dans le SMS était invalide.,not_darija
I successfully ported from Mobilis to Ooredoo last week.,not_darija
لقد حاولت إرسال رسالة متعددة الوسائط (MMS) ولم تصل.,not_darija
The app installation failed due to compatibility issues.,not_darija
Le forfait Internet proposé inclut uniquement les réseaux sociaux.,not_darija
I checked the FAQ but no solution was available.,not_darija
Merci d’entrer votre code pour confirmer l’activation.,not_darija
My refund request is being processed by the billing team.,not_darija
Je vous ai contacté par e-mail mais sans réponse.,not_darija
The subscription appears active but I'm still charged.,not_darija
الهاتف لا يتعرف على بطاقة SIM الجديدة.,not_darija
Check your data allowance in the dashboard section.,not_darija
Le premier mois est offert pour les nouveaux inscrits.,not_darija
I lost internet connection right after the registration.,not_darija
Le service d’assistance est fermé durant les weekends.,not_darija
I received a spam message claiming to be from the provider.,not_darija
لقد تم تفعيل العرض لكن لم يبدأ التأمين البنكي.,not_darija
English customer support is available only online.,not_darija
Une erreur est survenue lors de la mise à jour de l’application.,not_darija
Billing cycle starts from next month.,not_darija
الحساب لم يُفعل رغم إعادة التحقق من البريد الإلكتروني.,not_darija
The update improved the user interface significantly.,not_darija
J’ai reçu un e-mail de confirmation après l’inscription.,not_darija
I cancelled my data package but still see charges.,not_darija
Veuillez entrer votre mot de passe avant de continuer.,not_darija
You can track your payment history in Settings.,not_darija
Le forfait d’essai expire dans 3 jours.,not_darija
My phone shows 'SIM not provisioned'.,not_darija
لقد أدخلت الرقم الخاطئ في خانة التحقق.,not_darija
The temporary password will expire in 24 hours.,not_darija
L’application demande l’accès à votre localisation.,not_darija
Internet speed shows only 2 Mbps despite signal 4G.,not_darija
Il faut activer le roaming avant de partir à l’étranger.,not_darija
I modified my plan but the changes haven't been applied.,not_darija
Voulez‑vous réinitialiser votre code PIN actuellement ?,not_darija
Payment confirmation is pending since this morning.,not_darija
أرسلت رسالة نصية ولكن لم أصل منها بأي رد.,not_darija
لقد تم خصم الرصيد دون استخدام الإنترنت.,not_darija
Je n'arrive pas à accéder à mon espace client.,not_darija
Your subscription has been renewed automatically.,not_darija
يرجى التأكد من تفعيل إعدادات الإنترنت في الهاتف.,not_darija
Le site web est en maintenance jusqu'à demain.,not_darija
I'm trying to activate the SIM but it fails every time.,not_darija
تم إرسال الطلب وسيتم الرد خلال 48 ساعة.,not_darija
Nous ne pouvons pas traiter votre demande pour le moment.,not_darija
Please provide your ID number to proceed.,not_darija
أواجه مشكلة في تحميل التطبيق من المتجر.,not_darija
The support team will call you back shortly.,not_darija
L'interface utilisateur est intuitive et rapide.,not_darija
هل يمكنني استرجاع المبلغ المدفوع في حال الإلغاء؟,not_darija
The hotline is available 24/7 for technical issues.,not_darija
Je souhaite changer mon mot de passe.,not_darija
لقد قمت بالتسجيل ولكن لم تصلني رسالة التفعيل.,not_darija
You can update your preferences from the profile tab.,not_darija
Le réseau est instable pendant les heures de pointe.,not_darija
My messages are not being delivered to other users.,not_darija
تم التحقق من الرقم بنجاح.,not_darija
I’ve sent multiple emails but got no answer.,not_darija
L’application affiche un message d’erreur.,not_darija
يرجى إعادة تشغيل الهاتف بعد إدخال الشريحة.,not_darija
No signal appears even after changing location.,not_darija
Je suis déjà abonné à cette offre.,not_darija
The SMS confirmation took more than 10 minutes.,not_darija
تم رفض العملية لعدم كفاية الرصيد.,not_darija
You can use the live chat feature on our website.,not_darija
Le numéro que vous avez composé n’est pas attribué.,not_darija
لم أتمكن من استخدام البيانات أثناء التجوال.,not_darija
Please attach a screenshot for verification.,not_darija
Le mode nuit est activé automatiquement.,not_darija
My account was suspended due to inactivity.,not_darija
هل يمكنني طلب بطاقة SIM عبر الإنترنت؟,not_darija
The estimated delivery time is 3–5 business days.,not_darija
J’ai oublié mon identifiant de connexion.,not_darija
تم تحديث بياناتك بنجاح.,not_darija
I received duplicate SMS alerts for the same event.,not_darija
"Le paiement a échoué, veuillez réessayer.",not_darija
أرغب في إلغاء الاشتراك في الحزمة الحالية.,not_darija
You’ll receive a notification once it's activated.,not_darija
La page ne se charge pas correctement sur mon navigateur.,not_darija
I checked my data usage—it seems incorrect.,not_darija
تم إرسال رمز التحقق إلى بريدك الإلكتروني.,not_darija
Veuillez activer le Bluetooth pour partager la connexion.,not_darija
The app is currently not supported on this OS version.,not_darija
يرجى تحديث التطبيق للحصول على ميزات جديدة.,not_darija
Je ne comprends pas les frais supplémentaires.,not_darija
The system update improved call quality.,not_darija
تم تسجيل الشكوى وسيتم مراجعتها من قبل الفريق المختص.,not_darija
Please try another browser or clear your cache.,not_darija
L’offre promotionnelle est valable jusqu’au 31 août.,not_darija
لم أتمكن من إتمام عملية الدفع عبر التطبيق.,not_darija
The contact form requires all fields to be completed.,not_darija
Je ne trouve pas l’option de réinitialisation.,not_darija
تم تغيير كلمة المرور بنجاح.,not_darija
The message content violates our usage policy.,not_darija
La connexion VPN bloque certaines fonctionnalités.,not_darija
أحتاج إلى رمز التفعيل مرة أخرى لأن الأول انتهت صلاحيته.,not_darija
Your call may be recorded for training purposes.,not_darija
يرجى التواصل معنا عبر البريد الإلكتروني الرسمي.,not_darija
The invoice has been generated and sent.,not_darija
Je vais contacter le service technique immédiatement.,not_darija
تمت معالجة الطلب بنجاح.,not_darija
Our customer policy has recently been updated.,not_darija
Le réseau est revenu à la normale.,not_darija
لماذا لا أستطيع تفعيل الرمز المرسل عبر الرسائل النصية؟,not_darija
The app crashed after the last update.,not_darija
Votre demande est en cours de traitement.,not_darija
تم استقبال شكواك وسيتم الرد قريبًا.,not_darija
Please be advised that the hotline is currently busy.,not_darija
J’ai essayé de redémarrer plusieurs fois sans succès.,not_darija
تمت إعادة تعيين كلمة المرور.,not_darija
We value your feedback and strive to improve.,not_darija
Ce service nécessite une connexion Internet stable.,not_darija
يرجى الانتظار أثناء تحميل البيانات.,not_darija
The confirmation email might be in your spam folder.,not_darija
Je veux parler à un conseiller en direct.,not_darija
لقد وصلتني الفاتورة لكن المبلغ غير صحيح.,not_darija
Your request has been escalated to the higher team.,not_darija
L’erreur persiste malgré les tentatives de résolution.,not_darija
لم أتمكن من العثور على الإعدادات.,not_darija
Check your email for further instructions.,not_darija
Le serveur est momentanément indisponible.,not_darija
تم حذف الحساب بناءً على طلب المستخدم.,not_darija
The issue has been identified and fixed.,not_darija
Je n’ai reçu aucun message de confirmation.,not_darija
يرجى إلغاء الحظر عن رقمي.,not_darija
An update is required to continue using this feature.,not_darija
La facturation est faite à la fin du mois.,not_darija
تم تعطيل الحساب لأسباب أمنية.,not_darija
Please enter a valid email address.,not_darija
Nous avons bien reçu votre demande.,not_darija
لم أقم بالاشتراك ومع ذلك تم خصم الرصيد.,not_darija
The SIM card must be activated within 48 hours.,not_darija
Je souhaite transférer mon numéro vers un autre opérateur.,not_darija
تم الرد على استفسارك عبر البريد.,not_darija
The settings menu is located at the top right.,not_darija
Aucune donnée n’est disponible actuellement.,not_darija
يرجى تزويدنا بمزيد من التفاصيل حول المشكلة.,not_darija
Nous ne partageons pas vos informations personnelles.,not_darija
I've attached the invoice for reference.,not_darija
تم قفل الحساب بعد عدة محاولات فاشلة.,not_darija
Click the link below to verify your identity.,not_darija
Ce service est temporairement suspendu.,not_darija
يرجى اتباع الخطوات الموضحة في التطبيق.,not_darija
The maximum file size is 10MB.,not_darija
Nous vous remercions pour votre compréhension.,not_darija
يرجى تفعيل خاصية الموقع الجغرافي.,not_darija
The download speed is below the expected threshold.,not_darija
تم تحديث رقم الهاتف في النظام.,not_darija
La validation peut prendre jusqu’à 24 heures.,not_darija
This feature is not supported on your current plan.,not_darija
J’ai bien reçu votre réponse.,not_darija
لم يتم تفعيل العرض الترويجي حتى الآن.,not_darija
Use a different method of payment if the issue persists.,not_darija
Les données mobiles sont activées mais ne fonctionnent pas.,not_darija
تأكد من إدخال الرقم الصحيح.,not_darija
You have reached the daily usage limit.,not_darija
Nous avons mis à jour notre politique de confidentialité.,not_darija
يرجى إغلاق التطبيق ثم إعادة تشغيله.,not_darija
Je n’arrive pas à accéder à mon compte.,not_darija
يرجى مراجعة الشروط والأحكام قبل الاستمرار.,not_darija
We’ve updated our terms of service.,not_darija
Votre abonnement a expiré.,not_darija
تم توصيل الطلب إلى العنوان المحدد.,not_darija
Click here to reset your password.,not_darija
Je pense qu'il y a une erreur dans la facture.,not_darija
الرجاء عدم الرد على هذا البريد الإلكتروني.,not_darija
Your session has timed out.,not_darija
Nous travaillons actuellement sur une mise à jour.,not_darija
لقد نسيت كلمة المرور الخاصة بي.,not_darija
Ensure the device is connected to Wi-Fi.,not_darija
Nous allons analyser votre demande dans les plus brefs délais.,not_darija
يرجى العلم أن مواعيد العمل تنتهي الساعة 4 مساءً.,not_darija
The system will undergo maintenance tonight.,not_darija
Je suis en attente de votre réponse.,not_darija
يرجى إرفاق المستندات المطلوبة.,not_darija
Our office will be closed for the holiday.,not_darija
Merci pour votre patience.,not_darija
لا يمكن تنفيذ هذا الإجراء الآن.,not_darija
Je ne comprends pas pourquoi cela ne fonctionne pas.,not_darija
You must be logged in to access this feature.,not_darija
تم تنفيذ الطلب بنجاح.,not_darija
Please try again later.,not_darija
Je n'ai pas changé mon mot de passe récemment.,not_darija
يرجى إعادة المحاولة لاحقًا.,not_darija
The activation link is no longer valid.,not_darija
Nous vous contacterons dès que possible.,not_darija
البيانات المدخلة غير صحيحة.,not_darija
This item is currently out of stock.,not_darija
J’ai rencontré un problème lors de l’inscription.,not_darija
تمت مراجعة المعلومات المرسلة.,not_darija
Click the checkbox to accept the terms.,not_darija
Nous vous remercions pour votre fidélité.,not_darija
هل يمكنني استرجاع البيانات المحذوفة؟,not_darija
The request could not be completed.,not_darija
Ce lien est valable pour 24 heures uniquement.,not_darija
يرجى التأكد من تحديث التطبيق.,not_darija
"We’re sorry, something went wrong.",not_darija
Je ne peux pas accéder au menu principal.,not_darija
لقد تم استلام الطلب الخاص بك.,not_darija
Please contact our support team for assistance.,not_darija
Nous traitons actuellement un volume élevé de requêtes.,not_darija
تم إرسال الرمز بنجاح.,not_darija
Click here to continue.,not_darija
Je voudrais changer d’offre.,not_darija
تم تفعيل الخدمة بنجاح.,not_darija
"If you experience issues, contact customer care.",not_darija
Je n’ai pas reçu le code de vérification.,not_darija
يرجى الانتظار ريثما يتم التحميل.,not_darija
Your payment was successful.,not_darija
Les conditions de l’offre sont indiquées ci-dessous.,not_darija
تم تحديث المعلومات في قاعدة البيانات.,not_darija
Make sure your phone is charged.,not_darija
Nous avons besoin de plus de temps pour examiner cela.,not_darija
هذا الرقم غير متاح حالياً.,not_darija
Your subscription will renew automatically.,not_darija
Le problème a été signalé à l’équipe technique.,not_darija
يرجى تفعيل حسابك للمتابعة.,not_darija
We are processing your request.,not_darija
Votre numéro est déjà enregistré dans notre base de données.,not_darija
Nous avons bien reçu votre message.,not_darija
الرجاء إدخال البيانات بشكل صحيح.,not_darija
This field cannot be left empty.,not_darija
Votre demande est en cours de traitement.,not_darija
هل نسيت كلمة المرور؟,not_darija
Your feedback is important to us.,not_darija
Merci pour votre compréhension.,not_darija
تم تسجيل الخروج بنجاح.,not_darija
Check your email for confirmation.,not_darija
Je souhaite parler à un conseiller.,not_darija
لا يمكننا تلبية هذا الطلب حالياً.,not_darija
Please enter a valid phone number.,not_darija
Le code saisi est incorrect.,not_darija
سيتم التواصل معك قريباً.,not_darija
Your order has been confirmed.,not_darija
Nous avons détecté une activité inhabituelle.,not_darija
لم يتم العثور على النتائج المطلوبة.,not_darija
We apologize for the inconvenience.,not_darija
Votre colis est en route.,not_darija
يرجى تحديث الصفحة والمحاولة مرة أخرى.,not_darija
The server is currently unavailable.,not_darija
Je vous remercie pour votre aide.,not_darija
لم يتم قبول البطاقة المستخدمة.,not_darija
Try using a different browser.,not_darija
Nous n’avons pas accès à cette information.,not_darija
تم قفل الحساب مؤقتاً لأسباب أمنية.,not_darija
Veuillez contacter notre service client.,not_darija
Your password must contain at least 8 characters.,not_darija
Nous vous enverrons une notification une fois terminé.,not_darija
تأكد من الاتصال بالإنترنت.,not_darija
Je ne trouve pas la rubrique souhaitée.,not_darija
The page you are looking for does not exist.,not_darija
Merci pour votre retour.,not_darija
تم تأكيد الحجز بنجاح.,not_darija
Votre mot de passe a été changé.,not_darija
An error occurred while processing your request.,not_darija
يرجى تعبئة النموذج بالكامل.,not_darija
Le montant total est affiché ci-dessous.,not_darija
You have no new notifications.,not_darija
لم يتم التحقق من عنوان البريد الإلكتروني.,not_darija
Je souhaite annuler mon abonnement.,not_darija
Please update your billing information.,not_darija
تم إرسال الرسالة بنجاح.,not_darija
Nous vous remercions de votre intérêt.,not_darija
This coupon code has expired.,not_darija
لا يمكن الوصول إلى الخادم الآن.,not_darija
Votre session a expiré. Veuillez vous reconnecter.,not_darija
Make sure all fields are filled correctly.,not_darija
Veuillez choisir une autre option.,not_darija
تم إدخال البيانات بنجاح.,not_darija
You will receive a confirmation shortly.,not_darija
"Je suis désolé, je ne peux pas vous aider.",not_darija
الرجاء اختيار اللغة المفضلة.,not_darija
Veuillez patienter pendant le chargement.,not_darija
Your access has been restricted.,not_darija
تم استلام النموذج بنجاح.,not_darija
Nous allons vous envoyer un email de confirmation.,not_darija
You have successfully unsubscribed.,not_darija
تمت إضافة العنصر إلى السلة.,not_darija
Your download will begin shortly.,not_darija
Je suis en train de mettre à jour le système.,not_darija
Le formulaire a été envoyé avec succès.,not_darija
سيتم إعادة توجيهك بعد قليل.,not_darija
You must agree to the terms and conditions.,not_darija
Merci de compléter tous les champs requis.,not_darija
تم تحديث الملف الشخصي.,not_darija
Your card has been declined.,not_darija
La livraison est prévue pour demain.,not_darija
يرجى اختيار وقت مناسب للاتصال.,not_darija
Click here to learn more.,not_darija
Nous avons besoin de plus d'informations.,not_darija
يرجى مراجعة البريد الإلكتروني للتحقق.,not_darija
You have exceeded the maximum number of attempts.,not_darija
Votre compte est déjà actif.,not_darija
لم يتم حفظ التغييرات.,not_darija
Try again later.,not_darija
Ce service est temporairement indisponible.,not_darija
تم إلغاء العملية بطلب منك.,not_darija
You are now logged out.,not_darija
Veuillez remplir ce champ obligatoire.,not_darija
سيتم إرسال رمز التحقق.,not_darija
Your profile has been updated.,not_darija
Je souhaite recevoir la newsletter.,not_darija
انتهت صلاحية الجلسة.,not_darija
Please make sure your information is correct.,not_darija
Nous ne pouvons pas traiter votre demande pour le moment.,not_darija
يرجى الانتظار حتى يتم التحميل.,not_darija
This item is out of stock.,not_darija
Merci de votre patience.,not_darija
تم تسجيل طلبك بنجاح.,not_darija
You don’t have permission to access this page.,not_darija
Veuillez activer votre compte.,not_darija
لا يمكن حذف هذا العنصر حالياً.,not_darija
Nous vous contacterons dès que possible.,not_darija
Please check your connection.,not_darija
تم تغيير إعدادات الحساب.,not_darija
Your subscription has been renewed.,not_darija
Je n’ai pas reçu mon mot de passe.,not_darija
لا يوجد نتائج مطابقة.,not_darija
Nous n'avons pas pu vérifier votre identité.,not_darija
Please choose your country from the list.,not_darija
تم إنشاء الحساب بنجاح.,not_darija
You need to reset your password.,not_darija
Votre panier est vide.,not_darija
لا يمكن إرسال الرسالة حالياً.,not_darija
Make sure you entered a valid email address.,not_darija
Nous mettons à jour nos services.,not_darija
سيتم إشعارك عند توفر المنتج.,not_darija
This action cannot be undone.,not_darija
Merci de nous avoir contactés.,not_darija
يرجى إعادة المحاولة لاحقاً.,not_darija
Veuillez consulter les conditions générales.,not_darija
The username is already taken.,not_darija
تم إيقاف الحساب لأسباب أمنية.,not_darija
Click to see more options.,not_darija
Ce champ ne peut pas être vide.,not_darija
العملية اكتملت بنجاح.,not_darija
Your payment has been received.,not_darija
Je souhaite parler à un agent.,not_darija
لا يمكن إتمام العملية حالياً.,not_darija
Veuillez sélectionner une date valide.,not_darija
Your device is not supported.,not_darija
Merci de vérifier votre adresse de livraison.,not_darija
يرجى تحديث كلمة المرور الخاصة بك.,not_darija
The file has been uploaded successfully.,not_darija
Aucune donnée disponible pour le moment.,not_darija
تم إرسال إشعار بالبريد الإلكتروني.,not_darija
Your request is being processed.,not_darija
Le numéro de téléphone est invalide.,not_darija
يرجى الاتصال بخدمة العملاء.,not_darija
Please verify your phone number.,not_darija
"Votre session a expiré, veuillez vous reconnecter.",not_darija
تم إرسال رمز التأكيد.,not_darija
This link is no longer valid.,not_darija
Nous avons bien reçu votre demande.,not_darija
يرجى ملء جميع الحقول الإلزامية.,not_darija
Please enter a valid postal code.,not_darija
Votre commande a été annulée.,not_darija
تم قفل الحساب بعد عدة محاولات فاشلة.,not_darija
This field is required.,not_darija
Nous n'avons pas trouvé d'utilisateur avec cette adresse.,not_darija
يرجى التحقق من اتصال الإنترنت.,not_darija
Invalid email or password.,not_darija
Le site est en maintenance.,not_darija
تم تسجيل الخروج بنجاح.,not_darija
Vous pouvez changer votre mot de passe ici.,not_darija
يرجى المحاولة مرة أخرى لاحقاً.,not_darija
Account settings were updated.,not_darija
Nous avons détecté une activité suspecte.,not_darija
لا يمكن إكمال الطلب حالياً.,not_darija
The password does not meet the criteria.,not_darija
Un problème est survenu lors de la validation.,not_darija
تم إرسال الطلب بنجاح.,not_darija
You are not authorized to view this page.,not_darija
Votre message a été envoyé.,not_darija
لا توجد عناصر في سلة التسوق.,not_darija
Please contact the administrator.,not_darija
Ce produit n’est plus disponible.,not_darija
تم حذف العنصر بنجاح.,not_darija
Click below to continue.,not_darija
Le code promotionnel est invalide.,not_darija
يرجى إعادة المحاولة بعد قليل.,not_darija
The account has been suspended.,not_darija
Vos paramètres ont été enregistrés.,not_darija
تم إرسال رسالة التأكيد.,not_darija
Please upload a valid document.,not_darija
La mise à jour a échoué.,not_darija
لم يتم العثور على النتائج.,not_darija
Your login was successful.,not_darija
Veuillez entrer une date de naissance valide.,not_darija
تم إرسال التعليمات إلى بريدك الإلكتروني.,not_darija
This option is not available in your region.,not_darija
Nous avons bien reçu votre inscription.,not_darija
تمت إعادة تعيين كلمة المرور.,not_darija
Please check your input and try again.,not_darija
Votre profil a été modifié.,not_darija
الرجاء مراجعة الشروط والأحكام.,not_darija
Your session will expire in 5 minutes.,not_darija
Le fichier dépasse la taille autorisée.,not_darija
تم إغلاق الطلب بنجاح.,not_darija
Veuillez vérifier votre boîte de réception.,not_darija
Your account was successfully created.,not_darija
Aucune action supplémentaire n'est requise.,not_darija
يرجى عدم مشاركة معلوماتك الشخصية.,not_darija
Your password must contain at least one uppercase letter.,not_darija
Ce champ ne peut pas être vide.,not_darija
تم تحميل الصورة بنجاح.,not_darija
Please confirm your subscription.,not_darija
Une erreur s'est produite lors du traitement.,not_darija
تم تسجيل الدخول باستخدام البريد الإلكتروني.,not_darija
Check your spam folder if you can't find the email.,not_darija
Votre demande est en cours de traitement.,not_darija
العملية اكتملت بنجاح.,not_darija
This account has been deactivated.,not_darija
Le formulaire a été soumis avec succès.,not_darija
تم إنشاء الحساب الجديد.,not_darija
Enter your username and password to login.,not_darija
L'adresse email est déjà utilisée.,not_darija
يرجى تحديث التطبيق للحصول على الميزات الجديدة.,not_darija
Click here to reset your password.,not_darija
Nous vous remercions pour votre patience.,not_darija
لم يتم حفظ التغييرات.,not_darija
This action is not permitted.,not_darija
Votre navigateur n'est pas compatible.,not_darija
تم رفض العملية.,not_darija
Please make sure all fields are completed.,not_darija
Le document a été signé numériquement.,not_darija
تم التحقق من الحساب.,not_darija
Access denied. You don't have the right permissions.,not_darija
Une mise à jour est disponible.,not_darija
البيانات التي تم إدخالها غير صحيحة.,not_darija
Please wait while we load your content.,not_darija
Nous avons détecté un nouvel appareil.,not_darija
تم حظر الحساب مؤقتاً.,not_darija
Please provide a reason for your request.,not_darija
Le bouton ne fonctionne pas correctement.,not_darija
تم تغيير كلمة المرور بنجاح.,not_darija
Do not refresh the page while submitting.,not_darija
L’accès à cette page est restreint.,not_darija
الرجاء عدم إغلاق النافذة أثناء التحديث.,not_darija
Your feedback has been submitted.,not_darija
Les champs marqués d’un astérisque sont obligatoires.,not_darija
تم إرسال إشعار بالتحديث الأخير.,not_darija
This feature is coming soon.,not_darija
Votre session a été interrompue.,not_darija
تم إعادة تعيين البيانات.,not_darija
Ensure your email address is spelled correctly.,not_darija
Nous travaillons à résoudre ce problème.,not_darija
الرجاء اتباع التعليمات بعناية.,not_darija
Your browser needs to be updated.,not_darija
Le téléchargement a été annulé.,not_darija
تم تسجيل الخروج تلقائياً.,not_darija
Please log in to continue.,not_darija
Aucune mise à jour trouvée.,not_darija
تم إرسال الطلب إلى القسم المختص.,not_darija
This offer has expired.,not_darija
Votre facture est disponible dans votre compte.,not_darija
تم إرسال الرسالة بنجاح.,not_darija
Check your balance before making a purchase.,not_darija
L’opération a été effectuée avec succès.,not_darija
يرجى التواصل مع الدعم الفني.,not_darija
We could not verify your identity.,not_darija
Veuillez compléter votre profil.,not_darija
تم إرسال الرمز إلى رقم هاتفك.,not_darija
يرجى إدخال رمز التحقق.,not_darija
This email is already associated with another account.,not_darija
Votre numéro de téléphone est invalide.,not_darija
تم حفظ الإعدادات الجديدة.,not_darija
We couldn’t process your request. Try again later.,not_darija
Le mot de passe doit contenir au moins 8 caractères.,not_darija
هذا الخيار غير متوفر حالياً.,not_darija
Please enter a valid date format.,not_darija
Le serveur est temporairement indisponible.,not_darija
تمت الموافقة على طلبك.,not_darija
Sign out from all devices?,not_darija
Cette opération nécessite une confirmation.,not_darija
يرجى اختيار طريقة الدفع المفضلة.,not_darija
The image format is not supported.,not_darija
Le système sera mis à jour cette nuit.,not_darija
تم إغلاق الجلسة بسبب عدم النشاط.,not_darija
Check your network connection.,not_darija
Votre panier est vide.,not_darija
تم إرسال إشعار بالبريد الإلكتروني.,not_darija
Click below to continue.,not_darija
Votre abonnement expirera bientôt.,not_darija
تم تعيين الإعدادات الافتراضية.,not_darija
This number is no longer in service.,not_darija
Une vérification supplémentaire est requise.,not_darija
يرجى ملء جميع الحقول المطلوبة.,not_darija
This file is too large to upload.,not_darija
Le service client est disponible 24h/24.,not_darija
تم تسجيل العنوان الجديد.,not_darija
Choose a secure payment method.,not_darija
Nous vous enverrons une alerte en cas de modification.,not_darija
تمت إعادة تعيين الرمز السري.,not_darija
No internet connection. Try again.,not_darija
Cette page n’existe plus.,not_darija
يرجى تفعيل حسابك عبر البريد الإلكتروني.,not_darija
Please try again after some time.,not_darija
Le téléchargement est en cours...,not_darija
تم حجز موعدك بنجاح.,not_darija
The maximum number of attempts has been reached.,not_darija
Ce champ ne peut pas contenir de caractères spéciaux.,not_darija
تم إرسال طلب الدعم.,not_darija
Vous avez atteint la limite autorisée.,not_darija
يرجى تحديد خيار من القائمة.,not_darija
We have detected unusual activity on your account.,not_darija
La validation a échoué.,not_darija
تم إنشاء كلمة مرور جديدة.,not_darija
Please fill in all the required fields.,not_darija
Votre adresse a été enregistrée.,not_darija
لم يتم العثور على نتائج مطابقة.,not_darija
Update your payment information.,not_darija
Ce fichier a été supprimé.,not_darija
تم تعطيل هذا الخيار من قبل المسؤول.,not_darija
Votre requête est en cours d'examen.,not_darija
Please select a language.,not_darija
لم يتم تحميل البيانات بعد.,not_darija
Le compte a été suspendu temporairement.,not_darija
You need to sign in to view this page.,not_darija
تم إدخال البيانات بنجاح.,not_darija
Cet élément a été déplacé dans la corbeille.,not_darija
The session has expired.,not_darija
يرجى إعادة المحاولة لاحقاً.,not_darija
Nous ne pouvons pas accéder à ce contenu.,not_darija
Account settings updated successfully.,not_darija
تم تحديث المعلومات الشخصية.,not_darija
Your session has timed out. Please log in again.,not_darija
Veuillez vérifier vos informations bancaires.,not_darija
تم تفعيل الخدمة بنجاح.,not_darija
Your password was changed successfully.,not_darija
Ce produit n'est plus disponible.,not_darija
يرجى الموافقة على الشروط والأحكام.,not_darija
This action cannot be undone.,not_darija
Nous mettons à jour votre profil.,not_darija
تم إرسال رسالة التأكيد.,not_darija
We are experiencing high traffic. Please wait.,not_darija
Votre message a été reçu.,not_darija
هذا العنصر غير موجود في المخزون.,not_darija
We have sent a verification code to your email.,not_darija
Le montant total inclut les taxes.,not_darija
لم يتم التحقق من الهوية.,not_darija
Please contact customer support.,not_darija
Cette section est actuellement en maintenance.,not_darija
تم الوصول إلى الحد الأقصى.,not_darija
You do not have permission to access this resource.,not_darija
Le fichier a été téléchargé avec succès.,not_darija
يرجى استخدام متصفح حديث.,not_darija
This code has expired.,not_darija
Votre demande a été envoyée.,not_darija
تم التحقق من صحة المعلومات.,not_darija
Your feedback is important to us.,not_darija
Cette fonctionnalité n’est pas encore disponible.,not_darija
البيانات المدخلة غير صحيحة.,not_darija
You will receive a confirmation email shortly.,not_darija
Veuillez patienter pendant le chargement.,not_darija
تم تسجيل الخروج تلقائيًا.,not_darija
Your order has been confirmed.,not_darija
Le mot de passe a été modifié.,not_darija
يرجى الاتصال بالمشرف.,not_darija
We could not complete your request.,not_darija
Les paramètres ont été enregistrés.,not_darija
تمت معالجة العملية بنجاح.,not_darija
You have been logged out.,not_darija
Veuillez entrer un nom d'utilisateur valide.,not_darija
لا يمكن إكمال العملية الآن.,not_darija
Please wait while we process your request.,not_darija
Votre session est sur le point d’expirer.,not_darija
تم تحميل الملف بنجاح.,not_darija
Your changes have been saved.,not_darija
Ce service est actuellement indisponible.,not_darija
يرجى المحاولة مرة أخرى لاحقًا.,not_darija
There was an error submitting your form.,not_darija
Aucun résultat trouvé.,not_darija
تم حذف الحساب بشكل نهائي.,not_darija
Votre mot de passe a été enregistré.,not_darija
Please choose a different username.,not_darija
تم إدخال رمز خاطئ.,not_darija
We are sorry for the inconvenience.,not_darija
Les champs marqués d’un astérisque sont obligatoires.,not_darija
تم إغلاق التطبيق للصيانة.,not_darija
Your profile has been updated.,not_darija
Le document a été validé.,not_darija
تم إيقاف تشغيل الإشعارات.,not_darija
Connection failed. Please try again.,not_darija
Aucune mise à jour disponible.,not_darija
تمت الموافقة على طلب الانضمام.,not_darija
تم إنشاء الحساب بنجاح.,not_darija
Your account is now active.,not_darija
Veuillez activer votre compte.,not_darija
يرجى تحديث كلمة المرور الخاصة بك.,not_darija
A verification link has been sent.,not_darija
Le lien de confirmation est invalide.,not_darija
لا يمكن الاتصال بالخادم.,not_darija
Your settings have been reset.,not_darija
Merci pour votre inscription.,not_darija
تم قفل الحساب بسبب محاولات تسجيل الدخول الفاشلة.,not_darija
You must complete all required fields.,not_darija
Ce numéro n'est pas valide.,not_darija
تم إرسال الكود إلى رقم هاتفك.,not_darija
Nous avons détecté une activité suspecte.,not_darija
This browser is not supported.,not_darija
يرجى إدخال بريد إلكتروني صحيح.,not_darija
The requested page was not found.,not_darija
Votre adresse a été mise à jour.,not_darija
تمت إزالة الجهاز من حسابك.,not_darija
Please verify your phone number.,not_darija
Une erreur est survenue lors du traitement.,not_darija
تم إرسال التنبيه إلى المشرف.,not_darija
We have updated our privacy policy.,not_darija
Ce compte a été suspendu temporairement.,not_darija
لا يمكن تنفيذ هذا الطلب حاليًا.,not_darija
You have successfully unsubscribed.,not_darija
Votre profil a été vérifié.,not_darija
تم تغيير البريد الإلكتروني المرتبط بالحساب.,not_darija
The selected file format is not supported.,not_darija
Ce champ ne peut pas être vide.,not_darija
يرجى إدخال تاريخ صحيح.,not_darija
We are unable to process your payment.,not_darija
Les informations de facturation sont manquantes.,not_darija
تم تجاوز الحد اليومي للمحاولات.,not_darija
Please try again later.,not_darija
Votre code postal est incorrect.,not_darija
تم تحميل البيانات بنجاح.,not_darija
An error occurred while connecting to the database.,not_darija
Ce bouton ne fonctionne pas actuellement.,not_darija
يرجى تعبئة النموذج بالكامل.,not_darija
We have detected an unusual login attempt.,not_darija
Vos préférences ont été enregistrées.,not_darija
تم تعطيل الحساب مؤقتًا.,not_darija
Your password must be at least 8 characters.,not_darija
Le lien a expiré.,not_darija
هذا البريد الإلكتروني مستخدم بالفعل.,not_darija
Unable to connect. Please check your network.,not_darija
Ce document nécessite une autorisation.,not_darija
تم تحديث تفضيلات الإشعارات.,not_darija
There are no new notifications.,not_darija
Veuillez saisir une adresse valide.,not_darija
تمت مزامنة الحساب بنجاح.,not_darija
Your email is not verified.,not_darija
Ce formulaire a déjà été soumis.,not_darija
يرجى تفعيل الموقع للوصول الكامل.,not_darija
We need your permission to continue.,not_darija
Les données saisies sont incorrectes.,not_darija
تم إلغاء الطلب بناءً على طلب المستخدم.,not_darija
Your request was submitted successfully.,not_darija
Le fichier est trop volumineux.,not_darija
تم حظر الحساب بسبب نشاط غير معتاد.,not_darija
Vous devez accepter les conditions d'utilisation.,not_darija
تم تسجيل الخروج تلقائيًا.,not_darija
Your message has been received.,not_darija
Le fichier a été téléchargé avec succès.,not_darija
يرجى إدخال رمز التحقق.,not_darija
This section is under maintenance.,not_darija
La session a expiré.,not_darija
تم تفعيل الحساب بنجاح.,not_darija
Your input is invalid.,not_darija
Ce type de fichier n'est pas autorisé.,not_darija
الطلب قيد المعالجة.,not_darija
Your account was created successfully.,not_darija
Le système est actuellement en cours de mise à jour.,not_darija
يرجى المحاولة لاحقًا.,not_darija
The server responded with an error.,not_darija
Vos modifications ont été sauvegardées.,not_darija
تم حجز الموعد بنجاح.,not_darija
Your subscription has been renewed.,not_darija
Le mode de paiement a été mis à jour.,not_darija
يرجى تحميل مستند صالح.,not_darija
You are already registered.,not_darija
Ce champ est obligatoire.,not_darija
تم إرسال النموذج بنجاح.,not_darija
Your application is being reviewed.,not_darija
Le lien de réinitialisation a été envoyé.,not_darija
يرجى مراجعة الشروط والأحكام.,not_darija
This device is already paired.,not_darija
Votre commande a été confirmée.,not_darija
تم تحديث كلمة المرور.,not_darija
Your feedback is appreciated.,not_darija
Ce service est temporairement indisponible.,not_darija
يرجى إدخال اسم المستخدم.,not_darija
You need to log in first.,not_darija
Le nom d'utilisateur est déjà pris.,not_darija
تم تحديث الصفحة تلقائيًا.,not_darija
Your comment was posted.,not_darija
Ce produit n'est plus en stock.,not_darija
يرجى الانتظار قليلاً.,not_darija
You have been logged out.,not_darija
Le code de vérification est invalide.,not_darija
تم إرسال إشعار بالبريد الإلكتروني.,not_darija
Your download will begin shortly.,not_darija
Cette fonctionnalité n'est pas encore disponible.,not_darija
تم قبول الشروط بنجاح.,not_darija
You do not have permission to access this resource.,not_darija
Les champs marqués d’un astérisque sont obligatoires.,not_darija
يرجى تأكيد بريدك الإلكتروني.,not_darija
You’ve reached the maximum number of attempts.,not_darija
Ce compte est déjà actif.,not_darija
تم تفعيل المصادقة الثنائية.,not_darija
Your request cannot be completed at this time.,not_darija
Le formulaire contient des erreurs.,not_darija
تم تحميل الصورة بنجاح.,not_darija
Your file has been deleted.,not_darija
Cette session a été fermée automatiquement.,not_darija
تم إنشاء التذكرة بنجاح.,not_darija
Please contact support for assistance.,not_darija
Votre mot de passe a expiré.,not_darija
تم رفض الوصول إلى المورد المطلوب.,not_darija
You’ve exceeded your storage limit.,not_darija
Ce lien n’est plus valide.,not_darija
Veuillez patienter pendant que nous traitons votre demande.,not_darija
تم تسجيل الدخول بنجاح.,not_darija
Your account settings have been updated.,not_darija
La page demandée est introuvable.,not_darija
يرجى إدخال البيانات المطلوبة بشكل صحيح.,not_darija
You must agree to the privacy policy.,not_darija
Ce champ ne peut pas être vide.,not_darija
تم تغيير البريد الإلكتروني.,not_darija
Please try again later.,not_darija
Vos informations ont été enregistrées.,not_darija
تم استلام الطلب وسنقوم بمراجعته قريبًا.,not_darija
The operation was completed successfully.,not_darija
Ce numéro est déjà utilisé.,not_darija
تم حذف العنصر بنجاح.,not_darija
You do not have any notifications.,not_darija
Les données saisies ne sont pas valides.,not_darija
تم إرسال رابط التحقق إلى بريدك الإلكتروني.,not_darija
Please check your network connection.,not_darija
Votre demande a été envoyée avec succès.,not_darija
تم حفظ الإعدادات الجديدة.,not_darija
You can now log in with your new password.,not_darija
Ce formulaire contient des champs non valides.,not_darija
تم التحقق من الهوية بنجاح.,not_darija
This feature is currently disabled.,not_darija
Votre mot de passe a été modifié.,not_darija
تم إغلاق الجلسة تلقائيًا.,not_darija
Please enter a valid email address.,not_darija
"Le traitement est en cours, veuillez patienter.",not_darija
تمت عملية الدفع بنجاح.,not_darija
You have no new messages.,not_darija
Ce document est requis.,not_darija
تم تحديث بيانات الحساب.,not_darija
You have successfully logged out.,not_darija
Cette page est en cours de maintenance.,not_darija
تم إرسال الرمز إلى هاتفك المحمول.,not_darija
An unexpected error has occurred.,not_darija
Vos paramètres de sécurité ont été mis à jour.,not_darija
تم إنشاء حسابك بنجاح.,not_darija
You don’t have access to this section.,not_darija
Le téléchargement a échoué.,not_darija
تم تسجيل الخروج من جميع الأجهزة.,not_darija
Please confirm your identity.,not_darija
Ce fichier est trop volumineux.,not_darija
تم إرسال التنبيهات بنجاح.,not_darija
You can reset your password here.,not_darija
Votre compte a été temporairement bloqué.,not_darija
تمت إضافة العنصر إلى المفضلة.,not_darija
Your payment method is not valid.,not_darija
Ce lien a expiré.,not_darija
تم الانتهاء من المعالجة.,not_darija
You have reached your daily limit.,not_darija
Les informations fournies sont inexactes.,not_darija
تم إرسال الطلب إلى الإدارة.,not_darija
Your session has been restored.,not_darija
Ce message a été marqué comme lu.,not_darija
تم تغيير إعدادات التنبيه.,not_darija
Your connection is secure.,not_darija
Ce produit nécessite une autorisation spéciale.,not_darija
تم قفل الحساب مؤقتًا لأسباب أمنية.,not_darija
You can view your history in the dashboard.,not_darija
Le mot de passe actuel est incorrect.,not_darija
تم إرسال نسخة من الفاتورة إلى بريدك الإلكتروني.,not_darija
Ce service est momentanément indisponible.,not_darija
يرجى الانتظار بينما يتم تحميل الصفحة.,not_darija
Your verification code is incorrect.,not_darija
Veuillez saisir votre nom complet.,not_darija
تم تأكيد الحجز بنجاح.,not_darija
Please select an option from the list.,not_darija
Ce champ est obligatoire.,not_darija
تم إرسال إشعار إلى هاتفك.,not_darija
You have no saved items.,not_darija
L'opération a échoué. Veuillez réessayer.,not_darija
تم تفعيل الحساب بنجاح.,not_darija
This page requires authentication.,not_darija
Veuillez vérifier vos informations de paiement.,not_darija
تمت المصادقة على الطلب.,not_darija
You must enter a username.,not_darija
Le fichier a été téléchargé avec succès.,not_darija
تم تسجيل الحضور.,not_darija
An internal error occurred. Please contact support.,not_darija
Veuillez mettre à jour votre mot de passe.,not_darija
تم تعطيل هذا الخيار مؤقتًا.,not_darija
Your request is being processed.,not_darija
Ce compte est déjà enregistré.,not_darija
تم إلغاء العملية بناءً على طلب المستخدم.,not_darija
Please update your profile information.,not_darija
Le formulaire a été envoyé avec succès.,not_darija
تم تنفيذ الإجراء المطلوب.,not_darija
You must fill out all required fields.,not_darija
Une erreur est survenue lors du traitement.,not_darija
تم إرسال الملاحظات إلى الفريق المختص.,not_darija
This session has expired.,not_darija
Veuillez patienter pendant la synchronisation.,not_darija
تمت إعادة تعيين كلمة المرور.,not_darija
Please enter a strong password.,not_darija
Ce champ ne peut contenir que des lettres.,not_darija
تم إلغاء التنبيه.,not_darija
You are not authorized to perform this action.,not_darija
Vos informations personnelles ont été mises à jour.,not_darija
تم رفض الطلب لعدم استيفاء الشروط.,not_darija
Make sure your internet connection is stable.,not_darija
Ce bouton permet d'annuler l'opération.,not_darija
تمت الموافقة على الطلب.,not_darija
You’ve successfully subscribed to the newsletter.,not_darija
Le système sera mis à jour ce soir.,not_darija
تم العثور على تطابق في قاعدة البيانات.,not_darija
Please enter your billing information.,not_darija
Ce lien est invalide.,not_darija
تم إرسال كلمة المرور المؤقتة.,not_darija
You must log in to continue.,not_darija
"La session a expiré, veuillez vous reconnecter.",not_darija
تمت عملية المصادقة بنجاح.,not_darija
The operation was not permitted.,not_darija
Veuillez accepter les conditions d'utilisation.,not_darija
تم تحميل البيانات بنجاح.,not_darija
You have reached the maximum number of attempts.,not_darija
Ce champ ne doit pas dépasser 100 caractères.,not_darija
تم تغيير الإعدادات الافتراضية.,not_darija
Access denied. Invalid credentials.,not_darija
Vos préférences ont été sauvegardées.,not_darija
تم إنهاء الجلسة بنجاح.,not_darija
Your profile has been updated.,not_darija
The password you entered is too weak.,not_darija
Veuillez choisir une langue pour continuer.,not_darija
تم تحديث الملف بنجاح.,not_darija
You cannot delete this file.,not_darija
Ce produit n'est plus disponible.,not_darija
تم إرسال رسالة التحقق.,not_darija
Please confirm your email address.,not_darija
La procédure a été terminée correctement.,not_darija
تم حفظ التغييرات.,not_darija
The document must be in PDF format.,not_darija
Ce numéro n'est pas reconnu.,not_darija
يرجى إدخال الرمز الصحيح.,not_darija
All fields are mandatory.,not_darija
Votre demande a été enregistrée.,not_darija
تم إلغاء الاشتراك بنجاح.,not_darija
We’re unable to complete your request.,not_darija
Veuillez saisir un mot de passe valide.,not_darija
تم إرسال الطلب بنجاح.,not_darija
This feature is currently under maintenance.,not_darija
Ce code a déjà été utilisé.,not_darija
تم استلام الطلب.,not_darija
Your credentials have expired.,not_darija
Vous devez accepter la politique de confidentialité.,not_darija
تم تحديد المواعيد الجديدة.,not_darija
Please restart your device.,not_darija
L'accès à cette section est restreint.,not_darija
تمت إزالة العنصر من السلة.,not_darija
The username is already taken.,not_darija
Ce champ ne peut pas être vide.,not_darija
تم الاتصال بالخادم بنجاح.,not_darija
Please try again later.,not_darija
La connexion a échoué.,not_darija
تم العثور على نتائج مطابقة.,not_darija
We’ve updated our terms of service.,not_darija
Votre mot de passe a été réinitialisé.,not_darija
تم تسجيل الخروج.,not_darija
Access to this resource is forbidden.,not_darija
Ce document est confidentiel.,not_darija
تمت مزامنة البيانات.,not_darija
Your account has been locked.,not_darija
Le système ne répond pas pour le moment.,not_darija
يرجى إعادة المحاولة لاحقًا.,not_darija
Check your inbox for confirmation.,not_darija
Les modifications ont été enregistrées.,not_darija
تم تحديث بيانات المستخدم.,not_darija
An unknown error occurred.,not_darija
Vous avez atteint la limite quotidienne.,not_darija
تم حذف الرسالة بنجاح.,not_darija
Enter a valid email address.,not_darija
Ce bouton permet de sauvegarder les données.,not_darija
تم إنشاء الحساب.,not_darija
This field is case-sensitive.,not_darija
Votre session est sur le point d'expirer.,not_darija
تم تعطيل الحساب مؤقتًا.,not_darija
Do not close this window during the process.,not_darija
Les informations saisies sont incorrectes.,not_darija
تم إرسال التذكرة إلى الدعم الفني.,not_darija
Click here to reset your password.,not_darija
Ce service nécessite une connexion Internet.,not_darija
يرجى مراجعة البيانات المدخلة.,not_darija
We couldn’t verify your identity.,not_darija
Votre panier est actuellement vide.,not_darija
تم استعادة البيانات.,not_darija
Something went wrong. Please try again.,not_darija
Le format du fichier n'est pas valide.,not_darija
تم إرسال التنبيه.,not_darija
You have pending notifications.,not_darija
Veuillez saisir une date valide.,not_darija
تم تحديث الإعدادات.,not_darija
Login was successful.,not_darija
Ce compte n'existe pas.,not_darija
تم تحميل الملفات بنجاح.,not_darija
Your changes have been saved.,not_darija
Veuillez entrer un identifiant unique.,not_darija
تم إغلاق النافذة.,not_darija
The session has been invalidated.,not_darija
Ce processus peut prendre quelques minutes.,not_darija
تمت المعالجة بنجاح.,not_darija
Please read and accept the disclaimer.,not_darija
Les champs marqués sont obligatoires.,not_darija
تم حذف الحساب.,not_darija
You’ve been logged out automatically.,not_darija
Ce lien a expiré.,not_darija
تم تنفيذ العملية بنجاح.,not_darija
An error occurred while loading the page.,not_darija
Vos paramètres ont été réinitialisés.,not_darija
تم إعادة المحاولة بنجاح.,not_darija
The account is under review.,not_darija
Ce fichier dépasse la taille autorisée.,not_darija
تمت مراجعة البيانات.,not_darija
Please complete the verification steps.,not_darija
Votre code a été envoyé par SMS.,not_darija
تم تحميل الصور.,not_darija
Your email address has been verified.,not_darija
Veuillez activer les cookies.,not_darija
تم تثبيت التحديث الأخير.,not_darija
This form is currently unavailable.,not_darija
L'inscription a été complétée avec succès.,not_darija
تم تسجيل المستخدم بنجاح.,not_darija
You’ve reached your limit for today.,not_darija
